"id_bnvd";"libelle_bnvd";"cas_bnvd";"etudes";"donnee_toxicite";"donnee_toxicite_valeur";"donnee_toxicite_unite";"facteur_securite";"valeur_pnec";"unite_pnec"
"0_sub_bnvd";"(e)-5-decen-1-yl acetate";"38421-90-8";"";"";"";"";"";"";""
"1_sub_bnvd";"(e,z)-2,13-octadecadienyl acetate";"86252-65-5";"";"";"";"";"";"";""
"2_sub_bnvd";"(e,z)-3,13-octadecadienyl acetate";"53120-26-6";"";"";"";"";"";"";""
"3_sub_bnvd";"(e,z)-3,8-tetradecadien-1-yl acetate";"163041-87-0";"";"";"";"";"";"";""
"4_sub_bnvd";"(e,z)-7,9-dodecadien-1-yl acetate";"55774-32-8";"";"";"";"";"";"";""
"5_sub_bnvd";"(e,z,z)-3,8,11-tetradecatrien-1-yl acetate";"163041-94-9";"";"";"";"";"";"";""
"6_sub_bnvd";"(z)-11-hexadecenal";"53939-28-9";"";"";"";"";"";"";""
"7_sub_bnvd";"(z)-8-dodecenol";"40642-40-8";"";"";"";"";"";"";""
"8_sub_bnvd";"(z)-9-dodecenylacetate";"16974-11-1";"";"";"";"";"";"";""
"9_sub_bnvd";"(z,z)-3,13-octadecadienyl acetate";"53120-27-7";"";"";"";"";"";"";""
"10_sub_bnvd";"1 iso thiazolinon chloromethyl";"55965-84-9";"";"";"";"";"";"";""
"11_sub_bnvd";"1,3-dichloropropene";"542-75-6";"";"";"";"";"";"";""
"12_sub_bnvd";"1,4-dimethylnaphtalene";"571-58-4";"toxicité aigüe chez l'invertébré aquatique";"CE50";"0.54";"mg/L";100;5.4;"ug/L"
"13_sub_bnvd";"1,5-diaminopentane";"462-94-2";"";"";"";"";"";"";""
"14_sub_bnvd";"1-dodecanol";"112-53-8";"";"";"";"";"";"";""
"15_sub_bnvd";"1-methylcyclopropene (1-mcp)";"3100-04-7";"toxicité aigüe chez l'invertébré aquatique";"CE50";"> 0.776";"mg/L";100;7.76;"ug/L"
"16_sub_bnvd";"1-tetradecanol";"112-72-1";"";"";"";"";"";"";""
"17_sub_bnvd";"2 phenyl-phenol";"90-43-7";"";"";"";"";"";"";""
"18_sub_bnvd";"2,4-d";"94-75-7";"toxicité chez la plante aquatique";"CE50";"0.346";"mg/L";10;34.6;"ug/L"
"18_sub_bnvd";"2,4-d";"94-75-7";"toxicité chez la plante aquatique";"CE50";"0.89";"mg/L";10;89.0;"ug/L"
"19_sub_bnvd";"2,4-db";"94-82-6";"";"";"";"";"";"";""
"20_sub_bnvd";"2,4-mcpa";"94-74-6";"toxicité chez la plante aquatique";"CE50";"0.124";"mg/L";10;12.4;"ug/L"
"21_sub_bnvd";"2,4-mcpb";"94-81-5";"";"";"";"";"";"";""
"22_sub_bnvd";"2-methyl-1-naphtylacetamide";"85-07-4";"";"";"";"";"";"";""
"23_sub_bnvd";"6-benzyladenine";"1214-39-7";"toxicité chez la plante aquatique";"CE50";"1.32";"mg/L";10;132.0;"ug/L"
"24_sub_bnvd";"8-hydroxiquinoline";"148-24-3";"toxicité aigüe chez le poisson";"CL50";"2.0";"mg/L";100;20.0;"ug/L"
"25_sub_bnvd";"abamectine";"71751-41-2";"mésocosme";"NOAEC";"0.0489";"mg/L";3;0.0163;"ug/L"
"26_sub_bnvd";"abe-it 56";"";"";"";"";"";"";"";""
"27_sub_bnvd";"acequinocyl";"57960-19-7";"mésocosme";"NOEC";"0.003";"mg/L";2;1.5;"ug/L"
"28_sub_bnvd";"acetamipride";"135410-20-7";"toxicité chronique chez l'invertébré aquatique";"NOEC";"0.002";"mg/L";10;0.2;"ug/L"
"29_sub_bnvd";"acetate d'ammonium";"631-61-8";"";"";"";"";"";"";""
"30_sub_bnvd";"acetate de e-8-dodecenyle";"38363-29-0";"";"";"";"";"";"";""
"31_sub_bnvd";"acetate de tetradecyle";"638-59-5";"";"";"";"";"";"";""
"32_sub_bnvd";"acetate de z-8-dodecenyle";"28079-04-1";"";"";"";"";"";"";""
"33_sub_bnvd";"acetochlore";"34256-82-1";"";"";"";"";"";"";""
"34_sub_bnvd";"acibenzolar-s-methyl";"135158-54-2";"toxicité chronique chez le poisson";"NOEC";"26";"ug/L";10;2.6;"ug/L"
"35_sub_bnvd";"acide 2,5-dichlorobenzoique";"50-79-3";"";"";"";"";"";"";""
"36_sub_bnvd";"acide 2-methyl-1-naphtylacetique";"";"";"";"";"";"";"";""
"37_sub_bnvd";"acide acetique";"64-19-7";"toxicité aigüe chez l'invertébré aquatique";"CE50";"18.9";"mg/L";10;0.189;"mg/L"
"38_sub_bnvd";"acide alkylbenzene sulfonique lineaire";"68584-22-5";"";"";"";"";"";"";""
"39_sub_bnvd";"acide alpha naphtylacetique (ana)";"86-87-3";"toxicité aigüe chez le poisson";"CE50";"56";"mg/L";100;560.0;"ug/L"
"40_sub_bnvd";"acide b-indole acetique (aia)";"87-51-4";"";"";"";"";"";"";""
"41_sub_bnvd";"acide b-indole butyrique (aib)";"133-32-4";"toxicité aigüe chez l'invertébré aquatique";"CL50";"112";"mg/L";100;1.12;"mg/L"
"42_sub_bnvd";"acide benzoique";"65-85-0";"toxicité chez différents groupes d'organismes aquatiques";"CE50";">120";"mg/L";100;1200.0;"ug/L"
"43_sub_bnvd";"acide blue 9";"2650-18-2";"";"";"";"";"";"";""
"44_sub_bnvd";"acide citrique";"77-92-9";"";"";"";"";"";"";""
"45_sub_bnvd";"acide decanoique";"334-48-5";"toxicité chronique chez l'invertébré aquatique";"NOEC";"0.5";"mg/L";10;50.0;"ug/L"
"46_sub_bnvd";"acide formique";"64-18-6";"";"";"";"";"";"";""
"47_sub_bnvd";"acide gibberellique";"77-06-5";"";"";"";"";"";"";""
"48_sub_bnvd";"acide gras sous forme de sel d'amine";"";"";"";"";"";"";"";""
"49_sub_bnvd";"acide halauxifene";"943832-60-8";"";"";"";"";"";"";""
"50_sub_bnvd";"acide hydroxyacetique";"79-14-1";"";"";"";"";"";"";""
"51_sub_bnvd";"acide malique";"6915-15-7";"";"";"";"";"";"";""
"52_sub_bnvd";"acide nonanoique";"112-05-0";"toxicité chronique chez l'invertébré aquatique";"NOEC";"0.41";"mg/L";10;41.0;"ug/L"
"53_sub_bnvd";"acide octanoique";"124-07-2";"toxicité chronique chez l'invertébré aquatique";"NOEC";"0.5";"mg/L";10;50.0;"ug/L"
"54_sub_bnvd";"acide oleique";"112-80-1";"toxicité chronique chez l'invertébré aquatique";"NOEC";"0.5";"mg/L";10;50.0;"ug/L"
"55_sub_bnvd";"acide pelargonique";"112-05-0";"toxicité chronique chez l'invertébré aquatique";"NOEC";"0.41";"mg/L";10;41.0;"ug/L"
"56_sub_bnvd";"acide peracetique";"79-21-0";"";"";"";"";"";"";""
"57_sub_bnvd";"acide phosphoreux";"10294-56-1";"";"";"";"";"";"";""
"58_sub_bnvd";"acide phosphorique";"7664-38-2";"";"";"";"";"";"";""
"59_sub_bnvd";"acide propionique";"79-09-4";"";"";"";"";"";"";""
"60_sub_bnvd";"acide sorbique";"110-44-1";"";"";"";"";"";"";""
"61_sub_bnvd";"acide sulfamique";"5329-14-6";"";"";"";"";"";"";""
"62_sub_bnvd";"acide sulfurique";"7664-93-9";"";"";"";"";"";"";""
"63_sub_bnvd";"acides gras c14-22 et c14-22 insatures, methyl ester, sulfates, sels de sodium";"84776-43-2";"";"";"";"";"";"";""
"64_sub_bnvd";"acides gras, c14-c18 et c16-c18 insatures";"67701-06-8";"";"";"";"";"";"";""
"65_sub_bnvd";"aclonifen";"74070-46-5";"toxicité chronique chez le poisson";"NOEC";"0.005";"mg/L";10;0.5;"ug/L"
"66_sub_bnvd";"acrinathrine";"101007-06-1";"";"";"";"";"";"";""
"67_sub_bnvd";"adoxophyes orana granulovirus souche bv-0001";"";"";"";"";"";"";"";""
"68_sub_bnvd";"alcool denature";"64-17-5";"";"";"";"";"";"";""
"69_sub_bnvd";"alcool ethylique";"64-17-5";"";"";"";"";"";"";""
"70_sub_bnvd";"alcool gras ethoxyle";"24938-91-8";"";"";"";"";"";"";""
"71_sub_bnvd";"alcool isodecylique";"61827-42-7";"";"";"";"";"";"";""
"72_sub_bnvd";"alcool isopropylique";"67-63-0";"";"";"";"";"";"";""
"73_sub_bnvd";"alcools gras";"85566-12-7";"";"";"";"";"";"";""
"74_sub_bnvd";"alcools terpeniques";"98-55-5";"";"";"";"";"";"";""
"75_sub_bnvd";"alkyl amine";"61790-57-6";"";"";"";"";"";"";""
"76_sub_bnvd";"alkyl phenol polyethoxyle";"";"";"";"";"";"";"";""
"77_sub_bnvd";"alkylpolyglucoside";"68515-73-1";"";"";"";"";"";"";""
"78_sub_bnvd";"alpha naphtyl acetamide (nad)";"86-86-2";"";"";"";"";"";"";""
"79_sub_bnvd";"alpha oleines sulfonate de sodium";"68439-57-6";"";"";"";"";"";"";""
"80_sub_bnvd";"alpha-chloralose";"15879-93-3";"";"";"";"";"";"";""
"81_sub_bnvd";"alphachloralose";"15879-93-3";"";"";"";"";"";"";""
"82_sub_bnvd";"alphamethrine";"67375-30-8";"";"";"";"";"";"";""
"83_sub_bnvd";"ametoctradine";"865318-97-4";"toxicité aigüe chez l'invertébré aquatique";"NOEC";"0.044";"mg/L";10;4.4;"ug/L"
"84_sub_bnvd";"amidosulfuron";"120923-37-7";"toxicité chez la plante aquatique";"CE50";"0.0092";"mg/L";10;0.92;"ug/L"
"85_sub_bnvd";"amine grasse de suif ethoxylee";"61791-26-2";"";"";"";"";"";"";""
"86_sub_bnvd";"aminopropyl dodecylamine";"2372-82-9";"";"";"";"";"";"";""
"87_sub_bnvd";"aminopyralid";"150114-71-9";"toxicité chronique chez le poisson";"NOEC";"0.1";"mg/L";10;10.0;"ug/L"
"88_sub_bnvd";"aminotriazole";"61-82-5";"";"";"";"";"";"";""
"89_sub_bnvd";"amisulbrom";"348635-87-0";"toxicité aigüe chez l'invertébré aquatique";"CE50";"36.8";"ug/L";100;0.368;"ug/L"
"90_sub_bnvd";"amitrole";"61-82-5";"";"";"";"";"";"";""
"91_sub_bnvd";"ammonium quaternaire";"68424-95-3";"";"";"";"";"";"";""
"92_sub_bnvd";"ampelomyces quisqualis souche aq10";"";"";"";"";"";"";"";""
"93_sub_bnvd";"anthraquinone";"84-65-1";"";"";"";"";"";"";""
"94_sub_bnvd";"arsenic du dimethylarsinate de sodium";"124-65-2";"";"";"";"";"";"";""
"95_sub_bnvd";"asulame";"2302-17-2";"";"";"";"";"";"";""
"96_sub_bnvd";"aureobasidium pullulans souche dsm 14940";"67891-88-7";"";"";"";"";"";"";""
"97_sub_bnvd";"aureobasidium pullulans souche dsm 14941";"67891-88-7";"";"";"";"";"";"";""
"98_sub_bnvd";"azadirachtine";"11141-17-6";"toxicité chronique chez l'invertébré aquatique";"NOEC";"0.0037";"mg/L";10;0.37;"ug/L"
"99_sub_bnvd";"azametiphos";"35575-96-3";"";"";"";"";"";"";""
"100_sub_bnvd";"azimsulfuron";"120162-55-2";"";"";"";"";"";"";""
"101_sub_bnvd";"azocyclotin";"41083-11-8";"";"";"";"";"";"";""
"102_sub_bnvd";"azoxystrobine";"131860-33-8";"mésocosme";"NOAEC";"10";"ug/L";3;3.3;"ug/L"
"103_sub_bnvd";"bacillus amyloliquefaciens souche fzb24";"NC";"";"";"";"";"";"";""
"104_sub_bnvd";"bacillus amyloliquefaciens souche mbi 600";"NC";"";"";"";"";"";"";""
"105_sub_bnvd";"bacillus amyloliquefaciens subsp plantarum d747";"";"";"";"";"";"";"";""
"106_sub_bnvd";"bacillus firmus i-1582";"";"";"";"";"";"";"";""
"107_sub_bnvd";"bacillus pumilus souche qst 2808";"";"";"";"";"";"";"";""
"108_sub_bnvd";"bacillus subtilis souche qst 713";"68038-70-0";"";"";"";"";"";"";""
"109_sub_bnvd";"bacillus subtilis";"68038-70-0";"";"";"";"";"";"";""
"110_sub_bnvd";"bacillus thuringiensis serotype 3a 3b";"68038-71-1";"";"";"";"";"";"";""
"111_sub_bnvd";"bacillus thuringiensis serotype h 14";"68038-71-1";"";"";"";"";"";"";""
"112_sub_bnvd";"bacillus thuringiensis sp. tenebrionis";"68038-71-1";"";"";"";"";"";"";""
"113_sub_bnvd";"bacillus thuringiensis ssp aizawai souche abts-1857";"68038-71-1";"";"";"";"";"";"";""
"114_sub_bnvd";"bacillus thuringiensis ssp kurstaki souche abts-351";"68038-71-1";"";"";"";"";"";"";""
"115_sub_bnvd";"bacillus thuringiensis ssp kurstaki souche eg 2348";"68038-71-1";"";"";"";"";"";"";""
"116_sub_bnvd";"bacillus thuringiensis ssp kurstaki souche pb 54";"68038-71-1";"";"";"";"";"";"";""
"117_sub_bnvd";"bacillus thuringiensis ssp kurstaki souche sa-11";"68038-71-1";"";"";"";"";"";"";""
"118_sub_bnvd";"bacillus thuringiensis ssp kurstaki";"68038-71-1";"";"";"";"";"";"";""
"119_sub_bnvd";"bacillus thuringiensis sérotype h 7";"68038-71-1";"";"";"";"";"";"";""
"120_sub_bnvd";"beauveria bassiana souche 203";"63428-82-0";"";"";"";"";"";"";""
"121_sub_bnvd";"beauveria bassiana souche atcc 74040";"63428-82-0";"";"";"";"";"";"";""
"122_sub_bnvd";"beauveria bassiana souche gha";"63428-82-0";"";"";"";"";"";"";""
"123_sub_bnvd";"beauveria bassiana souche npp111b005";"63428-82-0";"";"";"";"";"";"";""
"124_sub_bnvd";"beflubutamide";"113614-08-7";"toxicité chez l'algue";"CE50";"0.00455";"mg/L";10;0.455;"ug/L"
"125_sub_bnvd";"benalaxyl-m";"98243-83-5";"toxicité chronique chez l'invertébré aquatique";"NOEC";"0.2";"mg/L";10;20.0;"ug/L"
"126_sub_bnvd";"benalaxyl";"71626-11-4";"";"";"";"";"";"";""
"127_sub_bnvd";"benfluraline";"1861-40-1";"toxicité aigüe chez l'invertébré aquatique";"CE50";"0.043";"mg/L";100;0.43;"ug/L"
"127_sub_bnvd";"benfluraline";"1861-40-1";"toxicité chronique chez le poisson";"CE10";"0.0013";"mg/L";10;0.13;"ug/L"
"128_sub_bnvd";"benfuracarbe";"82560-54-1";"";"";"";"";"";"";""
"129_sub_bnvd";"benoxacor";"98730-04-2";"";"";"";"";"";"";""
"130_sub_bnvd";"bensulfuron methyl";"83055-99-6";"toxicité chez la plante aquatique";"CE50";"1.275";"ug/L";10;0.1275;"ug/L"
"130_sub_bnvd";"bensulfuron methyl";"83055-99-6";"toxicité chez la plante aquatique";"HC5";"1.15";"ug/L";3;0.38;"ug/L"
"131_sub_bnvd";"bentazone";"25057-89-0";"toxicité chez la plante aquatique";"CE50";"12";"mg/L";10;1200.0;"ug/L"
"132_sub_bnvd";"benthiavalicarbe";"177406-68-7";"toxicité chronique chez le poisson";"NOEC";"1";"mg/L";10;100.0;"ug/L"
"133_sub_bnvd";"benzoate de denatonium";"3734-33-6";"";"";"";"";"";"";""
"134_sub_bnvd";"benzoate de sodium";"532-32-1";"";"";"";"";"";"";""
"135_sub_bnvd";"benzobicyclon";"156963-66-5";"";"";"";"";"";"";""
"136_sub_bnvd";"benzovindiflupyr";"1072957-71-1";"toxicité chronique chez le poisson";"NOEC";"0.00095";"mg/L";10;0.095;"ug/L"
"137_sub_bnvd";"betacyfluthrine";"68359-37-5";"";"";"";"";"";"";""
"138_sub_bnvd";"bicarbonate de potassium";"298-14-6";"toxicité chez l'algue";"CE50";"85.75";"mg/L";10;8575.0;"ug/L"
"138_sub_bnvd";"bicarbonate de potassium";"298-14-6";"toxicity on Chironomus riparius";"CE50";"271.86";"mg/L";100;2718.6;"ug/L"
"138_sub_bnvd";"bicarbonate de potassium";"298-14-6";"toxicité aigüe chez l'invertébré aquatique";"CE50";"860";"mg/L";100;8600.0;"ug/L"
"139_sub_bnvd";"bifenazate";"149877-41-8";"toxicité aigüe chez le poisson";"CL50";"0.42";"mg/L";100;4.2;"ug/L"
"140_sub_bnvd";"bifenox";"42576-02-3";"toxicité chronique chez le poisson";"NOEC";"9.1";"ug/L";10;0.91;"ug/L"
"141_sub_bnvd";"bifenthrine";"82657-04-3";"";"";"";"";"";"";""
"142_sub_bnvd";"bioallethrine";"584-79-2";"";"";"";"";"";"";""
"143_sub_bnvd";"bis ( 3 - aminopropyl ) dodecylamine";"2372-82-9";"";"";"";"";"";"";""
"144_sub_bnvd";"bis (aminopropyl) laurylamine";"2372-82-9";"";"";"";"";"";"";""
"145_sub_bnvd";"bisulfate de sodium";"7681-36-1";"";"";"";"";"";"";""
"146_sub_bnvd";"bitertanol";"55179-31-2";"";"";"";"";"";"";""
"147_sub_bnvd";"bixafen";"581809-46-3";"toxicité chronique chez le poisson";"NOEC";"0.0046";"mg/L";10;0.46;"ug/L"
"148_sub_bnvd";"bore de solubore";"12280-03-4";"";"";"";"";"";"";""
"149_sub_bnvd";"boscalid";"188425-85-6";"toxicité chronique chez le poisson";"NOEC";"0.110";"mg/L";10;11.0;"ug/L"
"149_sub_bnvd";"boscalid";"188425-85-6";"toxicité chronique chez le poisson";"NOEC";"0.125";"mg/L";10;12.5;"ug/L"
"150_sub_bnvd";"brai";"65996-93-2";"";"";"";"";"";"";""
"151_sub_bnvd";"brodifacoum";"56073-10-0";"";"";"";"";"";"";""
"152_sub_bnvd";"bromadiolone";"28772-56-7";"";"";"";"";"";"";""
"153_sub_bnvd";"bromoxynil octanoate";"1689-99-2";"";"";"";"";"";"";""
"154_sub_bnvd";"bromoxynil";"1689-84-5";"";"";"";"";"";"";""
"155_sub_bnvd";"bromuconazole";"116255-48-2";"toxicité chronique chez le poisson";"NOEC";"65";"ug/L";10;6.5;"ug/L"
"156_sub_bnvd";"bromure de lauryl dimethyl benzyl ammonium";"7281-04-1";"";"";"";"";"";"";""
"157_sub_bnvd";"bromure de methyle";"74-83-9";"";"";"";"";"";"";""
"158_sub_bnvd";"bupirimate";"41483-43-6";"toxicité chronique chez le poisson";"NOEC";"0.1";"mg/L";10;10.0;"ug/L"
"159_sub_bnvd";"buprofezine";"69327-76-0";"91d ELS study in DAR";"NOEC";"0.052";"mg/L";10;5.2;"ug/L"
"160_sub_bnvd";"butoxyde de piperonyle";"51-03-6";"";"";"";"";"";"";""
"161_sub_bnvd";"butraline";"33629-47-9";"";"";"";"";"";"";""
"162_sub_bnvd";"candida oleophila souche o";"";"";"";"";"";"";"";""
"163_sub_bnvd";"captane";"133-06-2";"toxicité aigüe chez le poisson";"HC5";"67.09";"ug/L";9;7.45;"ug/L"
"164_sub_bnvd";"carbaryl";"63-25-2";"";"";"";"";"";"";""
"165_sub_bnvd";"carbendazime";"10605-21-7";"";"";"";"";"";"";""
"166_sub_bnvd";"carbetamide";"16118-49-3";"";"";"";"";"";"";""
"167_sub_bnvd";"carbofuran";"1563-66-2";"";"";"";"";"";"";""
"168_sub_bnvd";"carbonate d'ammonium";"506-87-6";"";"";"";"";"";"";""
"169_sub_bnvd";"carbosulfan";"55285-14-8";"";"";"";"";"";"";""
"170_sub_bnvd";"carboxine";"5234-68-4";"";"";"";"";"";"";""
"171_sub_bnvd";"carfentrazone ethyl";"128639-02-1";"";"";"";"";"";"";""
"172_sub_bnvd";"cerevisane";"68876-77-7";"";"";"";"";"";"";""
"173_sub_bnvd";"chlorantraniliprole";"500008-45-7";"toxicité aigüe chez l'invertébré aquatique";"HC5";"2.377";"ug/L";4;0.594;"ug/L"
"173_sub_bnvd";"chlorantraniliprole";"500008-45-7";"toxicité aigüe chez l'invertébré aquatique";"HC5";"0.0291";"mg/L";5;0.58;"ug/L"
"173_sub_bnvd";"chlorantraniliprole";"500008-45-7";"toxicité chronique chez l'invertébré aquatique";"NOEC";"0.025";"mg/kg sed";10;2.5;"ug/kg sed"
"173_sub_bnvd";"chlorantraniliprole";"500008-45-7";"toxicité chronique chez l'invertébré aquatique";"NOEC";"0.005";"mg/kg sed";10;0.5;"ug/kg sed"
"174_sub_bnvd";"chlorate de sodium";"7775-09-9";"";"";"";"";"";"";""
"175_sub_bnvd";"chlorhydrate de poly biguanide";"32289-58-0";"";"";"";"";"";"";""
"176_sub_bnvd";"chlorhydrate de poly hexamethylene biguanidine";"27083-27-8";"";"";"";"";"";"";""
"177_sub_bnvd";"chlorhydrate de poly(hexamethylene biguanide)";"27083-27-8";"";"";"";"";"";"";""
"178_sub_bnvd";"chlorhydrate de poly-imino-imido biguanidine";"91403-50-8";"";"";"";"";"";"";""
"179_sub_bnvd";"chloridazone";"1698-60-8";"";"";"";"";"";"";""
"180_sub_bnvd";"chlormephos";"24934-91-6";"";"";"";"";"";"";""
"181_sub_bnvd";"chlormequat chlorure";"999-81-5";"toxicité aigüe chez l'invertébré aquatique";"NOEC";"2.4";"mg/L";10;240.0;"ug/L"
"182_sub_bnvd";"chlorophacinone";"3691-35-8";"";"";"";"";"";"";""
"183_sub_bnvd";"chlorophylline (sels cuprosodiques)";"11006-34-1";"";"";"";"";"";"";""
"184_sub_bnvd";"chlorothalonil";"1897-45-6";"";"";"";"";"";"";""
"185_sub_bnvd";"chlorotoluron";"15545-48-9";"toxicité chez l'algue";"CE50";"0.024";"mg/L";10;2.4;"ug/L"
"185_sub_bnvd";"chlorotoluron";"15545-48-9";"mésocosme";"NOAEC";"10";"ug/L";1;10.0;"ug/L"
"185_sub_bnvd";"chlorotoluron";"15545-48-9";"microcosme";"NOEC";"50";"ug/L";5;10.0;"ug/L"
"186_sub_bnvd";"chlorprophame";"101-21-3";"";"";"";"";"";"";""
"187_sub_bnvd";"chlorpyriphos-ethyl";"2921-88-2";"";"";"";"";"";"";""
"188_sub_bnvd";"chlorpyriphos-methyl";"5598-13-0";"";"";"";"";"";"";""
"189_sub_bnvd";"chlorsulfuron";"64902-72-3";"";"";"";"";"";"";""
"190_sub_bnvd";"chlorthal";"2136-79-0";"";"";"";"";"";"";""
"191_sub_bnvd";"chlorure d'alkyl dimethyl ammonium";"68424-85-1";"";"";"";"";"";"";""
"192_sub_bnvd";"chlorure d'alkyl dimethyl benzyl ammonium";"68424-85-1";"";"";"";"";"";"";""
"193_sub_bnvd";"chlorure d'iode";"7553-56-2";"";"";"";"";"";"";""
"194_sub_bnvd";"chlorure de benzalkonium";"68424-85-1";"";"";"";"";"";"";""
"195_sub_bnvd";"chlorure de choline";"67-48-1";"";"";"";"";"";"";""
"196_sub_bnvd";"chlorure de didecyl ammonium";"7173-51-5";"";"";"";"";"";"";""
"197_sub_bnvd";"chlorure de didecyl dimethyl ammonium";"7173-51-5";"";"";"";"";"";"";""
"198_sub_bnvd";"chlorure de didecyldimethylbenzylammonium";"68424-85-1";"";"";"";"";"";"";""
"199_sub_bnvd";"chlorure de dimethyl dialkyl ammonium";"7173-51-5";"";"";"";"";"";"";""
"200_sub_bnvd";"chlorure de dimethyl ethyl ammonium";"7173-51-5";"";"";"";"";"";"";""
"201_sub_bnvd";"chlorure de lauryl dimethyl benzyl ammonium";"7173-51-5";"";"";"";"";"";"";""
"202_sub_bnvd";"chlorure de n coco dimethyl benzyl ammonium";"";"";"";"";"";"";"";""
"203_sub_bnvd";"chlorure de sodium";"7647-14-5";"";"";"";"";"";"";""
"204_sub_bnvd";"chlorures n-alkyl dimethyl benzyl ammonium";"68424-85-1";"";"";"";"";"";"";""
"205_sub_bnvd";"chlorures n-alkyl dimethyl ethyl benzyl ammonium";"85409-23-0";"";"";"";"";"";"";""
"206_sub_bnvd";"cinidon-ethyl";"142891-20-1";"";"";"";"";"";"";""
"207_sub_bnvd";"cintofen";"130561-48-7";"toxicité chez la plante aquatique";"CE50";"4.6";"mg/L";10;460.0;"ug/L"
"208_sub_bnvd";"cire d'abeille";"";"";"";"";"";"";"";""
"209_sub_bnvd";"cire";"";"";"";"";"";"";"";""
"210_sub_bnvd";"cires de petrole";"";"";"";"";"";"";"";""
"211_sub_bnvd";"cires microcristallines";"";"";"";"";"";"";"";""
"212_sub_bnvd";"clethodime";"99129-21-2";"toxicité chez la plante aquatique";"CE50";"1.9";"mg/L";10;190.0;"ug/L"
"213_sub_bnvd";"clodinafop-propargyl";"105512-06-9";"toxicité aigüe chez le poisson";"CE50";"0.21";"mg/L";100;2.1;"ug/L"
"214_sub_bnvd";"clofentezine";"74115-24-5";"";"";"";"";"";"";""
"215_sub_bnvd";"clomazone";"81777-89-1";"toxicité chez l'algue";"CE50";"0.185";"mg/L";10;18.5;"ug/L"
"216_sub_bnvd";"clonostachys rosea j1446 (anciennement gliocladium catenulatum)";"";"";"";"";"";"";"";""
"217_sub_bnvd";"clopyralid (sous forme de sel de monoethanolamine)";"57754-85-5";"";"";"";"";"";"";""
"218_sub_bnvd";"clopyralid";"1702-17-6";"toxicité chez la plante aquatique";"CE50";"3";"mg/L";10;300.0;"ug/L"
"219_sub_bnvd";"cloquintocet-mexyl";"99607-70-2";"toxicité chez l'algue";"CE50";"0.25";"mg/L";10;25.0;"ug/L"
"220_sub_bnvd";"clothianidine";"210880-92-5";"";"";"";"";"";"";""
"221_sub_bnvd";"colophane traitee au maleate";"";"";"";"";"";"";"";""
"222_sub_bnvd";"colophane";"8050-09-7";"";"";"";"";"";"";""
"223_sub_bnvd";"composes de l'ion ammonium quaternaire, benzylalkyl en c12-c18 dimethyles, chlorures";"68391-01-5";"";"";"";"";"";"";""
"224_sub_bnvd";"composition complexe";"";"";"";"";"";"";"";""
"225_sub_bnvd";"coniothyrium minitans souche con/m/91-08";"";"";"";"";"";"";"";""
"226_sub_bnvd";"copolymere de polyether - polymethylsiloxane";"134180-76-0";"";"";"";"";"";"";""
"227_sub_bnvd";"cos-oga";"";"toxicité chronique chez le poisson";"NOEC";"20";"mg/L";10;2000.0;"ug/L"
"228_sub_bnvd";"cresol";"95-48-7";"";"";"";"";"";"";""
"229_sub_bnvd";"cresyl";"95-48-7";"";"";"";"";"";"";""
"230_sub_bnvd";"cuivre de l'hydroxyde de cuivre";"20427-59-2";"SSD_chronique_poissons";"HC5";"1.11";"ug/L";3;0.37;"ug/L"
"231_sub_bnvd";"cuivre de l'oxychlorure de cuivre (trihydroxychlorure de dicuivre)";"1332-65-6";"toxicité chronique chez le poisson";"HC5";"1.11";"ug/L";3;0.37;"ug/L"
"232_sub_bnvd";"cuivre de l'oxychlorure de cuivre";"1332-40-7";"toxicité chronique chez le poisson";"HC5";"1.11";"ug/L";3;0.37;"ug/L"
"233_sub_bnvd";"cuivre de l'oxyde cuivreux";"1317-39-1";"SSD_chronique_poissons";"HC5";"1.11";"ug/L";3;0.37;"ug/L"
"234_sub_bnvd";"cuivre du carbonate de cuivre";"12069-69-1";"";"";"";"";"";"";""
"235_sub_bnvd";"cuivre du sulfate de cuivre";"7758-98-7";"";"";"";"";"";"";""
"236_sub_bnvd";"cuivre du sulfate de cuivre";"8011-63-0";"SSD chronique_poissons";"HC5";"1.11";"ug/L";3;0.37;"ug/L"
"237_sub_bnvd";"cuivre du sulfate tetracuivrique et tricalcique";"8011-63-0";"SSD chronique_poissons";"HC5";"1.11";"ug/L";3;0.37;"ug/L"
"238_sub_bnvd";"cuivre du sulfate tribasique";"12527-76-3";"SSD_chronique_poissons";"HC5";"1.11";"ug/L";3;0.37;"ug/L"
"239_sub_bnvd";"cuivre du tallate de cuivre";"71789-22-8";"";"";"";"";"";"";""
"240_sub_bnvd";"cyanamide de calcium";"156-62-7";"";"";"";"";"";"";""
"241_sub_bnvd";"cyanamide hydrogene";"420-04-2";"";"";"";"";"";"";""
"242_sub_bnvd";"cyantraniliprole";"736994-63-1";"toxicité chronique chez l'invertébré aquatique";"NOEC";"0.01";"mg/L";10;1.0;"ug/L"
"243_sub_bnvd";"cyazofamide";"120116-88-3";"toxicité chez différents groupes d'organismes aquatiques";"CE50";"0.107";"mg/L";100;1.07;"ug/L"
"244_sub_bnvd";"cycloxydime";"101205-02-1";"toxicité chronique chez l'invertébré aquatique";"NOEC";"0.079";"mg/L";10;7.9;"ug/L"
"245_sub_bnvd";"cydia pomonella granulosis, isolat m (cpvg m)";"";"";"";"";"";"";"";""
"246_sub_bnvd";"cydia pomonella granulovirus, isolat r5 (cpgv-r5)";"";"";"";"";"";"";"";""
"247_sub_bnvd";"cydia pomonella granulovirus";"";"";"";"";"";"";"";""
"248_sub_bnvd";"cyflufenamid";"180409-60-3";"toxicité chronique chez le poisson";"NOEC";"0.024";"mg/L";10;2.4;"ug/L"
"249_sub_bnvd";"cyfluthrine";"68359-37-5";"";"";"";"";"";"";""
"250_sub_bnvd";"cyhalofop butyl";"122008-85-9";"toxicité aigüe chez le poisson";"CL50";"0.637";"mg/L";100;6.37;"ug/L"
"251_sub_bnvd";"cyhexatin";"13121-70-5";"";"";"";"";"";"";""
"252_sub_bnvd";"cymoxanil";"57966-95-7";"toxicité chronique chez le poisson";"NOEC";"0.044";"mg/L";10;4.4;"ug/L"
"253_sub_bnvd";"cypermethrine";"52315-07-8";"mésocosme";"NOEC";"0.005";"ug/L";3;0.0017;"ug/L"
"253_sub_bnvd";"cypermethrine";"52315-07-8";"mésocosme";"NOAEC";"0.015";"ug/L";4;0.0038;"ug/L"
"254_sub_bnvd";"cyproconazole";"94361-06-5";"";"";"";"";"";"";""
"255_sub_bnvd";"cyprodinil";"121552-61-2";"microcosme";"NOAEC";"10";"ug/L";4;2.5;"ug/L"
"255_sub_bnvd";"cyprodinil";"121552-61-2";"toxicité chronique chez l'invertébré aquatique";"NOEC";"0.0082";"mg/L";10;0.82;"ug/L"
"255_sub_bnvd";"cyprodinil";"121552-61-2";"microcosme";"NOEC";"1.5";"ug/L";3;0.5;"ug/L"
"256_sub_bnvd";"cyprosulfamide";"221667-31-8";"toxicité chronique chez le poisson";"NOEC";"4.67";"mg/L";10;467.0;"ug/L"
"257_sub_bnvd";"cyromazine";"66215-27-8";"";"";"";"";"";"";""
"258_sub_bnvd";"daminozide";"1596-84-5";"toxicité aigüe chez l'invertébré aquatique";"CE50";"75.5";"mg/L";100;755.0;"ug/L"
"259_sub_bnvd";"dazomet";"533-74-4";"toxicité aigüe chez le poisson";"CL50";"0.3";"mg/L";100;3.0;"ug/L"
"260_sub_bnvd";"decane-1-ol";"112-30-1";"toxicité chronique chez le poisson";"NOEC";"0.0064";"mg/L";10;0.64;"ug/L"
"261_sub_bnvd";"deltamethrine";"52918-63-5";"mésocosme";"EAC";"3.2e-006";"mg/L";1;0.0032;"ug/L"
"261_sub_bnvd";"deltamethrine";"52918-63-5";"toxicité chez différents groupes d'organismes aquatiques";"EAC";"0.0000105";"mg/L";1;0.0105;"ug/L"
"262_sub_bnvd";"derives d'acides gras vegetaux";"";"";"";"";"";"";"";""
"263_sub_bnvd";"desmediphame";"13684-56-5";"";"";"";"";"";"";""
"264_sub_bnvd";"di aminopropyl laurylamine";"2372-82-9";"";"";"";"";"";"";""
"265_sub_bnvd";"di-1-p-menthene";"34363-01-4";"";"";"";"";"";"";""
"266_sub_bnvd";"diazinon";"333-41-5";"";"";"";"";"";"";""
"267_sub_bnvd";"dicamba dimethylammonium";"2300-66-5";"";"";"";"";"";"";""
"268_sub_bnvd";"dicamba";"1918-00-9";"toxicité chez la plante aquatique";"CE50";"> 0.45";"mg/L";10;45.0;"ug/L"
"269_sub_bnvd";"dichlobenil";"1194-65-6";"";"";"";"";"";"";""
"270_sub_bnvd";"dichlormide";"37764-25-3";"";"";"";"";"";"";""
"271_sub_bnvd";"dichloro isocyanurate de sodium dihydrate";"51580-86-0";"";"";"";"";"";"";""
"272_sub_bnvd";"dichloroisocyanurate de sodium";"2893-78-9";"";"";"";"";"";"";""
"273_sub_bnvd";"dichlorprop-p";"15165-67-0";"toxicité chez l'algue";"CE50";"1";"mg/L";10;100.0;"ug/L"
"274_sub_bnvd";"dichlorvos";"62-73-7";"";"";"";"";"";"";""
"275_sub_bnvd";"diclofop methyl";"51338-27-3";"";"";"";"";"";"";""
"276_sub_bnvd";"dicofol";"115-32-2";"";"";"";"";"";"";""
"277_sub_bnvd";"difenacoum";"56073-07-5";"";"";"";"";"";"";""
"278_sub_bnvd";"difenoconazole";"119446-68-3";"toxicité chronique chez le poisson";"NOEC";"0.0036";"mg/L";10;0.36;"ug/L"
"279_sub_bnvd";"difethialone";"104653-34-1";"";"";"";"";"";"";""
"280_sub_bnvd";"diflubenzuron";"35367-38-5";"";"";"";"";"";"";""
"281_sub_bnvd";"diflufenicanil";"83164-33-4";"mésocosme";"NOEAEC";"0.50";"ug/L";3;0.167;"ug/L"
"281_sub_bnvd";"diflufenicanil";"83164-33-4";"mésocosme";"NOEC";"0.75";"ug/L";3;0.25;"ug/L"
"281_sub_bnvd";"diflufenicanil";"83164-33-4";"toxicité chez l'algue";"CE50";"0.00051";"mg/L";10;0.051;"ug/L"
"282_sub_bnvd";"dimethachlore";"50563-36-5";"toxicité chez la plante aquatique";"CE50";"0.0658";"mg/L";10;6.58;"ug/L"
"283_sub_bnvd";"dimethenamide-p (dmta-p)";"163515-14-8";"toxicité chez différents groupes d'organismes aquatiques";"HC5";"13.7";"ug/L";3;4.57;"ug/L"
"284_sub_bnvd";"dimethenamide";"87674-68-8";"";"";"";"";"";"";""
"285_sub_bnvd";"dimethoate";"60-51-5";"";"";"";"";"";"";""
"286_sub_bnvd";"dimethomorphe";"110488-70-5";"toxicité chronique chez le poisson";"NOEC";"0.056";"mg/L";10;5.6;"ug/L"
"287_sub_bnvd";"dimethyl disulfide";"624-92-0";"";"";"";"";"";"";""
"288_sub_bnvd";"dimethyl polysiloxane";"63148-62-9";"";"";"";"";"";"";""
"289_sub_bnvd";"dimoxystrobine";"149961-52-4";"toxicité chronique chez le poisson";"NOEC";"0.000316";"mg/L";10;0.032;"ug/L"
"289_sub_bnvd";"dimoxystrobine";"149961-52-4";"mésocosme";"EAC";"0.005";"mg/L";3;1.67;"ug/L"
"290_sub_bnvd";"dinocap";"39300-45-3";"";"";"";"";"";"";""
"291_sub_bnvd";"dioxyde de carbone";"124-38-9";"";"";"";"";"";"";""
"292_sub_bnvd";"diphenylamine";"122-39-4";"";"";"";"";"";"";""
"293_sub_bnvd";"diquat";"85-00-7";"";"";"";"";"";"";""
"294_sub_bnvd";"disodium phosphate";"7558-79-4";"";"";"";"";"";"";""
"295_sub_bnvd";"disulfure de dimethyle (dmds)";"624-92-0";"";"";"";"";"";"";""
"296_sub_bnvd";"dithianon";"3347-22-6";"toxicité chronique chez le poisson";"NOEC";"3.9";"ug/L";3;1.3;"ug/L"
"297_sub_bnvd";"diuron";"330-54-1";"";"";"";"";"";"";""
"298_sub_bnvd";"dodemorphe acetate";"31717-87-0";"";"";"";"";"";"";""
"299_sub_bnvd";"dodine";"2439-10-3";"mésocosme";"NOAEC";"41";"ug/L";5;8.2;"ug/L"
"300_sub_bnvd";"e,z-8-dodecen-1-yl acetate + z-8-dodecen-1-ol";"";"";"";"";"";"";"";""
"301_sub_bnvd";"e-5-decen-1-ol";"56578-18-8";"";"";"";"";"";"";""
"302_sub_bnvd";"e/z8 acetate de dodecenyle";"37338-40-2";"";"";"";"";"";"";""
"303_sub_bnvd";"e/z9-dodecenyl acetate";"16974-34-8";"";"";"";"";"";"";""
"304_sub_bnvd";"e7,e/z9-dodecadienyl acetate + n-dodecanyl acetate";"";"";"";"";"";"";"";""
"305_sub_bnvd";"e7,z9-dodecadienylacetate";"54364-62-4";"";"";"";"";"";"";""
"306_sub_bnvd";"e8,e10-dodecadiene-1-ol";"33956-49-9";"";"";"";"";"";"";""
"307_sub_bnvd";"e8,e10-dodécadiène-1-ol + tétradécylacétate";"";"";"";"";"";"";"";""
"308_sub_bnvd";"edta";"60-00-4";"";"";"";"";"";"";""
"309_sub_bnvd";"emamectine benzoate";"155569-91-8";"microcosme";"NOEAEC";"0.1";"ug/L";3;0.033;"ug/L"
"310_sub_bnvd";"engrais divers";"";"";"";"";"";"";"";""
"311_sub_bnvd";"epoxiconazole";"133855-98-8";"";"";"";"";"";"";""
"312_sub_bnvd";"esfenvalerate";"66230-04-4";"toxicité chronique chez le poisson";"NOEC";"0.001";"ug/L";10;0.0001;"ug/L"
"312_sub_bnvd";"esfenvalerate";"66230-04-4";"mésocosme";"NOEC";"0.001";"ug/L";2;0.0005;"ug/L"
"313_sub_bnvd";"essence de girofle";"";"";"";"";"";"";"";""
"314_sub_bnvd";"esters de colophane et de diethylene glycol";"68153-38-8";"";"";"";"";"";"";""
"315_sub_bnvd";"esters de phosphate d'alcools gras polyoxyalkyles";"68649-29-6";"";"";"";"";"";"";""
"316_sub_bnvd";"esters methyliques d'acides gras c16-c18 et c18 insatures";"67762-38-3";"";"";"";"";"";"";""
"317_sub_bnvd";"esters methyliques d'acides gras, c14-c18 et c16-c18 insatures";"67762-26-9";"";"";"";"";"";"";""
"318_sub_bnvd";"esters methyliques d'acides gras";"61788-59-8";"";"";"";"";"";"";""
"319_sub_bnvd";"ethanol";"64-17-5";"";"";"";"";"";"";""
"320_sub_bnvd";"ethephon";"16672-87-0";"toxicité chez la plante aquatique";"CE50";"1.6";"mg/L";10;160.0;"ug/L"
"321_sub_bnvd";"ether d'alkyl aryl polyglycol";"61827-42-7";"";"";"";"";"";"";""
"322_sub_bnvd";"ethofumesate";"26225-79-6";"toxicité chronique chez le poisson";"NOEC";"0.156";"mg/L";10;15.6;"ug/L"
"323_sub_bnvd";"ethoprophos";"13194-48-4";"";"";"";"";"";"";""
"324_sub_bnvd";"ethoxyquine";"91-53-2";"";"";"";"";"";"";""
"325_sub_bnvd";"ethylene";"74-85-1";"";"";"";"";"";"";""
"326_sub_bnvd";"etofenprox";"80844-07-1";"toxicité chronique chez l'invertébré aquatique";"NOEC";"0.000054";"mg/L";10;0.0054;"ug/L"
"327_sub_bnvd";"etoxazole";"153233-91-1";"";"";"";"";"";"";""
"328_sub_bnvd";"eugenol";"97-53-0";"";"";"";"";"";"";""
"329_sub_bnvd";"extrait d'ail";"8008-99-9";"toxicité aigüe chez le poisson";"CL50";"11.65";"mg/L";100;116.5;"ug/L"
"330_sub_bnvd";"extrait de bois de quassia (variete picrasma)";"";"";"";"";"";"";"";""
"331_sub_bnvd";"extrait de fenugrec";"";"";"";"";"";"";"";""
"332_sub_bnvd";"extrait de pyrethre vegetal";"8003-34-7";"toxicité aigüe chez l'invertébré aquatique";"CE50";"4.1";"ug/L";100;0.041;"ug/L"
"333_sub_bnvd";"famoxadone";"131807-57-3";"";"";"";"";"";"";""
"334_sub_bnvd";"farine de sang";"";"";"";"";"";"";"";""
"335_sub_bnvd";"fenamidone";"161326-34-7";"";"";"";"";"";"";""
"336_sub_bnvd";"fenazaquin";"120928-09-8";"microcosme";"NOEC";"0.0003";"mg/L";2;0.15;"ug/L"
"337_sub_bnvd";"fenbuconazole";"114369-43-6";"";"";"";"";"";"";""
"338_sub_bnvd";"fenbutatin oxyde";"13356-08-6";"";"";"";"";"";"";""
"339_sub_bnvd";"fenhexamide";"126833-17-8";"toxicité chronique chez le poisson";"NOEC";"0.101";"mg/L";10;10.1;"ug/L"
"340_sub_bnvd";"fenitrothion";"122-14-5";"";"";"";"";"";"";""
"341_sub_bnvd";"fenoxaprop-p-ethyl";"71283-80-2";"toxicité aigüe chez le poisson";"CL50";"0.19";"mg/L";100;1.9;"ug/L"
"342_sub_bnvd";"fenoxycarbe";"72490-01-8";"";"";"";"";"";"";""
"343_sub_bnvd";"fenpicoxamide";"517875-34-2";"mésocosme";"NOEC";"0.0001";"mg/L";3;0.033;"ug/L"
"344_sub_bnvd";"fenpropidine";"67306-00-7";"mésocosme";"NOEAEC";"1";"ug/L";3;0.33;"ug/L"
"345_sub_bnvd";"fenpropimorphe";"67564-91-4";"";"";"";"";"";"";""
"346_sub_bnvd";"fenpyrazamine";"473798-59-3";"toxicité chronique chez l'invertébré aquatique";"NOAEC";"0.098";"mg/L";10;0.0098;"mg/L"
"347_sub_bnvd";"fenpyroximate";"111812-58-9";"microcosme";"NOEC";"0.61";"ug/L";10;0.061;"ug/L"
"348_sub_bnvd";"fer sous forme de sulfate de fer";"7720-78-7";"";"";"";"";"";"";""
"349_sub_bnvd";"fipronil";"120068-37-3";"";"";"";"";"";"";""
"350_sub_bnvd";"flazasulfuron";"104040-78-0";"toxicité chez la plante aquatique";"CE50";"0.7";"ug/L";10;0.07;"ug/L"
"350_sub_bnvd";"flazasulfuron";"104040-78-0";"toxicité chez la plante aquatique";"CE50";"2.6";"ug/L";10;0.26;"ug/L"
"350_sub_bnvd";"flazasulfuron";"104040-78-0";"toxicité chez la plante aquatique";"CE50";"1.4";"ug/L";10;0.14;"ug/L"
"351_sub_bnvd";"fleur de chaux (chaux eteinte)";"1305-62-0";"";"";"";"";"";"";""
"352_sub_bnvd";"flonicamide";"158062-67-0";"toxicité chronique chez l'invertébré aquatique";"NOEC";"3.1";"mg/L";10;310.0;"ug/L"
"353_sub_bnvd";"florasulame";"145701-23-1";"toxicité chez la plante aquatique";"CE50";"0.00118";"mg/L";10;0.118;"ug/L"
"353_sub_bnvd";"florasulame";"145701-23-1";"toxicité chez la plante aquatique";"CE50";"1.33";"ug/L";10;0.133;"ug/L"
"354_sub_bnvd";"florpyrauxifen-benzyl";"1390661-72-9";"toxicité chez la plante aquatique";"CE50";"0.12";"ug/L";10;0.012;"ug/L"
"355_sub_bnvd";"fluazifop-p-butyl";"79241-46-6";"toxicité aigüe chez l'invertébré aquatique";"CE50";"0.53";"mg/L";100;5.3;"ug/L"
"355_sub_bnvd";"fluazifop-p-butyl";"79241-46-6";"toxicité chronique chez l'invertébré aquatique";"NOEC";"47.7";"ug/L";10;4.77;"ug/L"
"356_sub_bnvd";"fluazinam";"79622-59-6";"toxicité chronique chez le poisson";"NOEC";"0.0029";"mg/L";10;0.29;"ug/L"
"357_sub_bnvd";"fludioxonil";"131341-86-1";"microcosme";"NOAEC";"0.0164";"mg/L";5;3.28;"ug/L"
"358_sub_bnvd";"flufenacet";"142459-58-3";"toxicité chez l'algue";"CE50";"3.57";"ug/L";10;0.357;"ug/L"
"359_sub_bnvd";"flufenoxuron";"101463-69-8";"";"";"";"";"";"";""
"360_sub_bnvd";"flumioxazine";"103361-09-7";"toxicité chez la plante aquatique";"CE50";"0.00035";"mg/L";10;0.035;"ug/L"
"361_sub_bnvd";"fluopicolide";"239110-15-7";"toxicité aigüe chez l'invertébré aquatique";"CE10";"0.048";"mg/L";10;4.8;"ug/L"
"361_sub_bnvd";"fluopicolide";"239110-15-7";"toxicité chez l'algue";"CE50";"0.069";"mg/L";10;6.9;"ug/L"
"362_sub_bnvd";"fluopyram";"658066-35-4";"toxicité chronique chez le poisson";"NOEC";"0.135";"mg/L";10;13.5;"ug/L"
"363_sub_bnvd";"fluorure de sulfuryle";"2699-79-8";"toxicité aigüe chez l'invertébré aquatique";"CE50";"0.62";"mg/L";100;6.2;"ug/L"
"364_sub_bnvd";"fluoxastrobine";"361377-29-9";"toxicité chronique chez l'invertébré aquatique";"NOEC";"0.00061";"mg/L";10;0.061;"ug/L"
"365_sub_bnvd";"flupyrsulfuron-methyl";"144740-54-5";"";"";"";"";"";"";""
"366_sub_bnvd";"fluquinconazole";"136426-54-5";"";"";"";"";"";"";""
"367_sub_bnvd";"flurochloridone";"61213-25-0";"";"";"";"";"";"";""
"368_sub_bnvd";"fluroxypyr-meptyl";"81406-37-3";"toxicité aigüe chez l'invertébré aquatique";"CE50";"> 0.183";"mg/L";100;1.83;"ug/L"
"369_sub_bnvd";"fluroxypyr";"69377-81-7";"toxicité chez la plante aquatique";"CE50";"0.276";"mg/L";10;27.6;"ug/L"
"370_sub_bnvd";"flurprimidol";"56425-91-3";"";"";"";"";"";"";""
"371_sub_bnvd";"flurtamone";"96525-23-4";"";"";"";"";"";"";""
"372_sub_bnvd";"flusilazole";"85509-19-9";"";"";"";"";"";"";""
"373_sub_bnvd";"flutolanil";"66332-96-5";"";"";"";"";"";"";""
"374_sub_bnvd";"flutriafol";"76674-21-0";"";"";"";"";"";"";""
"375_sub_bnvd";"fluxapyroxad";"907204-31-3";"toxicité chronique chez le poisson";"NOEC";"35.9";"ug/L";10;3.59;"ug/L"
"376_sub_bnvd";"folpel";"133-07-3";"toxicité aigüe chez l'invertébré aquatique";"CE50";"0.02";"mg/L";100;0.2;"ug/L"
"377_sub_bnvd";"foramsulfuron";"173159-57-4";"toxicité chez la plante aquatique";"CE50";"0.00101";"mg/L";10;0.101;"ug/L"
"378_sub_bnvd";"forchlorfenuron";"68157-60-8";"toxicité aigüe chez l'invertébré aquatique";"CE50";"8";"mg/L";100;80.0;"ug/L"
"379_sub_bnvd";"formaldehyde";"50-00-0";"";"";"";"";"";"";""
"380_sub_bnvd";"formetanate-chlorhydrate";"23422-53-9";"";"";"";"";"";"";""
"381_sub_bnvd";"formiate d'ammonium";"540-69-2";"";"";"";"";"";"";""
"382_sub_bnvd";"formiate de calcium";"544-17-2";"";"";"";"";"";"";""
"383_sub_bnvd";"fosetyl-aluminium";"39148-24-8";"toxicité aigüe chez le poisson";"CL50";"60";"mg/L";100;600.0;"ug/L"
"384_sub_bnvd";"fosetyl";"15845-66-6";"";"";"";"";"";"";""
"385_sub_bnvd";"fosthiazate";"98886-44-3";"";"";"";"";"";"";""
"386_sub_bnvd";"gamma-cyhalothrine";"76703-62-3";"microcosme";"CE10";"0.91";"ng/L";1;0.91;"ng/L"
"387_sub_bnvd";"geraniol";"106-24-1";"toxicité aigüe chez le poisson";"CL50";"11600";"ug/L";100;116.0;"ug/L"
"388_sub_bnvd";"gibberellines (a4+a7)";"8030-53-3";"toxicité aigüe chez le poisson";"CL50";"> 96";"mg/L";100;960.0;"ug/L"
"389_sub_bnvd";"glufosinate ammonium";"77182-82-2";"";"";"";"";"";"";""
"390_sub_bnvd";"glutaraldehyde";"111-30-8";"";"";"";"";"";"";""
"391_sub_bnvd";"glyoxal";"107-22-2";"";"";"";"";"";"";""
"392_sub_bnvd";"glyphosate";"1071-83-6";"toxicité chronique chez le poisson";"NOEC";"1000";"ug/L";10;100.0;"ug/L"
"393_sub_bnvd";"gomme manille";"";"";"";"";"";"";"";""
"394_sub_bnvd";"goudron vegetal";"8011-48-1";"";"";"";"";"";"";""
"395_sub_bnvd";"goudrons de pin";"8011-48-1";"";"";"";"";"";"";""
"396_sub_bnvd";"graisse de mouton";"";"";"";"";"";"";"";""
"397_sub_bnvd";"halauxifen-methyl";"943831-98-9";"toxicité chez la plante aquatique";"CE50";"0.393";"ug/L";10;0.0393;"ug/L"
"398_sub_bnvd";"halosulfuron-methyle";"100784-20-1";"toxicité chez la plante aquatique";"CE50";"0.491";"ug/L";10;0.0491;"ug/L"
"399_sub_bnvd";"haloxyfop-r";"72619-32-0";"";"";"";"";"";"";""
"400_sub_bnvd";"heptamaloxyloglucan";"870721-81-6";"toxicité aigüe chez le poisson";"CE50";">150";"mg/L";100;1500.0;"ug/L"
"401_sub_bnvd";"heptamethyltrisiloxane modifie polyalkylenoxide";"27306-78-1";"";"";"";"";"";"";""
"402_sub_bnvd";"hexazinone";"51235-04-2";"";"";"";"";"";"";""
"403_sub_bnvd";"hexythiazox";"78587-05-0";"toxicité chronique chez l'invertébré aquatique";"NOEC";"0.0061";"mg/L";10;0.61;"ug/L"
"404_sub_bnvd";"huile animale";"";"";"";"";"";"";"";""
"405_sub_bnvd";"huile blanche de petrole";"9206-23-56";"";"";"";"";"";"";""
"406_sub_bnvd";"huile blanche paraffinique";"8042-47-5";"";"";"";"";"";"";""
"407_sub_bnvd";"huile d'os";"8001-85-2";"";"";"";"";"";"";""
"408_sub_bnvd";"huile de colza esterifiee";"85586-25-0";"";"";"";"";"";"";""
"409_sub_bnvd";"huile de colza";"8002-13-9";"toxicité aigüe chez le poisson";"CL50";"8.79";"mg/L";100;87.9;"ug/L"
"410_sub_bnvd";"huile de paraffine";"64742-46-7";"toxicité aigüe chez l'invertébré aquatique";"CE50";"> 100";"mg/L";100;1000.0;"ug/L"
"411_sub_bnvd";"huile de paraffine";"72623-86-0";"toxicité aigüe chez l'invertébré aquatique";"CE50";">100";"mg/L";100;1000.0;"ug/L"
"412_sub_bnvd";"huile de petrole";"64742-55-8";"";"";"";"";"";"";""
"413_sub_bnvd";"huile de pin";"8002-09-3";"";"";"";"";"";"";""
"414_sub_bnvd";"huile de poisson";"";"";"";"";"";"";"";""
"415_sub_bnvd";"huile de resine";"8050-18-8";"";"";"";"";"";"";""
"416_sub_bnvd";"huile de ricin";"8001-79-4";"";"";"";"";"";"";""
"417_sub_bnvd";"huile de vaseline";"8042-47-5";"";"";"";"";"";"";""
"418_sub_bnvd";"huile essentielle d'orange douce";"8028-48-6";"";"CE50";"0.0408";"mg/L";10;4.08;"ug/L"
"419_sub_bnvd";"huile essentielle de girofle";"84961-50-2";"";"";"";"";"";"";""
"420_sub_bnvd";"huile essentielle de menthe verte";"8008-79-5";"";"";"";"";"";"";""
"421_sub_bnvd";"huile minerale blanche";"8042-47-5";"";"";"";"";"";"";""
"422_sub_bnvd";"huile minerale paraffinique";"8042-47-5";"";"";"";"";"";"";""
"423_sub_bnvd";"huile vegetale";"";"";"";"";"";"";"";""
"424_sub_bnvd";"huiles empyreumatiques";"";"";"";"";"";"";"";""
"425_sub_bnvd";"hydramethylnon";"67485-29-4";"";"";"";"";"";"";""
"426_sub_bnvd";"hydrazide maleique";"123-33-1";"toxicité chronique chez le poisson";"NOEC";"9.6";"mg/L";10;960.0;"ug/L"
"427_sub_bnvd";"hydrolysat de proteines";"";"";"";"";"";"";"";""
"428_sub_bnvd";"hydroxyde de potassium";"1310-58-3";"";"";"";"";"";"";""
"429_sub_bnvd";"hydroxyde de sodium";"1310-73-2";"";"";"";"";"";"";""
"430_sub_bnvd";"hymexazol";"10004-44-1";"toxicité chronique daphnie 21 jours";"CE10";"0.4";"mg/L";10;40.0;"ug/L"
"431_sub_bnvd";"hypochlorite de sodium";"7681-52-9";"";"";"";"";"";"";""
"432_sub_bnvd";"imazalil";"35554-44-0";"toxicité aigüe chez le poisson";"CL50";"1.48";"mg/L";100;14.8;"ug/L"
"433_sub_bnvd";"imazamox";"114311-32-9";"toxicité chez la plante aquatique";"CE50";"42";"ug/L";10;4.2;"ug/L"
"434_sub_bnvd";"imazaquine";"81335-37-7";"";"";"";"";"";"";""
"435_sub_bnvd";"imidaclopride";"138261-41-3";"";"";"";"";"";"";""
"436_sub_bnvd";"indoxacarbe";"173584-44-6";"";"";"";"";"";"";""
"437_sub_bnvd";"iodosulfuron-methyl-sodium";"144550-36-7";"toxicité chez la plante aquatique (Lemna)";"CE50";"1.08";"ug/L";10;0.108;"ug/L"
"438_sub_bnvd";"ioxynil octanoate";"3861-47-0";"";"";"";"";"";"";""
"439_sub_bnvd";"ioxynil";"1689-83-4";"";"";"";"";"";"";""
"440_sub_bnvd";"ipconazole";"125225-28-7";"toxicité chronique chez le poisson";"NOEC";"0.44";"ug/L";10;0.044;"ug/L"
"441_sub_bnvd";"iprodione";"36734-19-7";"";"";"";"";"";"";""
"442_sub_bnvd";"iprovalicarbe";"140923-17-7";"toxicité chronique chez l'invertébré aquatique";"NOEC";"1.89";"mg/L";10;189.0;"ug/L"
"443_sub_bnvd";"isofetamide";"875915-78-9";"toxicité chronique chez le poisson";"NOEC";"0.18";"mg/L";10;18.0;"ug/L"
"444_sub_bnvd";"isoproturon";"34123-59-6";"";"";"";"";"";"";""
"445_sub_bnvd";"isoxaben";"82558-50-7";"mésocosme";"NOEC";"7.5";"ug/L";2;3.75;"ug/L"
"446_sub_bnvd";"isoxadifen-ethyl";"163520-33-0";"";"";"";"";"";"";""
"447_sub_bnvd";"isoxaflutole";"141112-29-0";"toxicité chronique chez l'invertébré aquatique";"NOEC";"0.001";"mg/L";10;0.1;"ug/L"
"448_sub_bnvd";"kaolin";"1332-58-7";"toxicité aigüe chez le poisson";"CE50";"494";"mg/L";100;4940.0;"ug/L"
"449_sub_bnvd";"kieselguhr";"";"";"";"";"";"";"";""
"450_sub_bnvd";"kresoxim-methyl";"143390-89-0";"toxicité aigüe chez le poisson";"CL50";"0.15";"mg/L";10;15.0;"ug/L"
"451_sub_bnvd";"lactobacillus buchneri";"";"";"";"";"";"";"";""
"452_sub_bnvd";"lactobacillus plantarum";"";"";"";"";"";"";"";""
"453_sub_bnvd";"lambda-cyhalothrine";"91465-08-6";"toxicité aigüe chez l'invertébré aquatique";"HC5";"0.00117";"ug/L";3;0.00039;"ug/L"
"453_sub_bnvd";"lambda-cyhalothrine";"91465-08-6";"mésocosme";"NOEC";"1";"ng/L";2;0.5;"ng/L"
"454_sub_bnvd";"laminarine";"9008-22-4";"toxicité aigüe chez le poisson";"CE50";">71.3";"mg/L";100;713.0;"ug/L"
"455_sub_bnvd";"latex synthetique";"52831-07-9";"";"";"";"";"";"";""
"456_sub_bnvd";"lauryl dipropylene triamine";"2372-82-9";"";"";"";"";"";"";""
"457_sub_bnvd";"lauryl propylene diamine";"2372-82-9";"";"";"";"";"";"";""
"458_sub_bnvd";"lauryl sulfate de sodium";"151-21-3";"";"";"";"";"";"";""
"459_sub_bnvd";"lecanicillium muscarium souche ve6";"67892-35-7";"";"";"";"";"";"";""
"460_sub_bnvd";"lecithine de soja";"8002-43-5";"";"";"";"";"";"";""
"461_sub_bnvd";"lenacile";"2164-08-1";"microcosme";"NOEC";"2.43";"ug/L";2;1.215;"ug/L"
"462_sub_bnvd";"liant cellulosique";"";"";"";"";"";"";"";""
"463_sub_bnvd";"linuron";"330-55-2";"";"";"";"";"";"";""
"464_sub_bnvd";"lufenuron";"103055-07-8";"";"";"";"";"";"";""
"465_sub_bnvd";"magnesium peroxyphtalate";"";"";"";"";"";"";"";""
"466_sub_bnvd";"malathion";"121-75-5";"";"";"";"";"";"";""
"467_sub_bnvd";"maltodextrine";"9050-36-6";"";"";"";"";"";"";""
"468_sub_bnvd";"mancozebe";"8018-01-7";"";"";"";"";"";"";""
"469_sub_bnvd";"mandestrobine";"173662-97-0";"toxicité aigüe chez l'invertébré aquatique";"CE50";"718";"ug/L";100;7.18;"ug/L"
"470_sub_bnvd";"mandipropamide";"374726-62-2";"toxicité chronique chez l'invertébré aquatique";"NOEC";"0.076";"mg/L";10;7.6;"ug/L"
"471_sub_bnvd";"manebe";"12427-38-2";"";"";"";"";"";"";""
"472_sub_bnvd";"mecoprop (mcpp)";"7085-19-0";"";"";"";"";"";"";""
"473_sub_bnvd";"mecoprop-p (mcpp-p)";"16484-77-8";"toxicité chez la plante aquatique";"CE50";"1.6";"mg/L";10;160.0;"ug/L"
"474_sub_bnvd";"mefenpyr-diethyl";"135590-91-9";"toxicité chronique chez le poisson";"NOEC";"0.1";"mg/L";10;10.0;"ug/L"
"475_sub_bnvd";"mefentrifluconazole";"1417782-03-6";"toxicité chronique chez le poisson";"NOEC";"0.022";"mg/L";10;2.2;"ug/L"
"476_sub_bnvd";"mefluidide (sel de diethanolamine)";"53780-36-2";"";"";"";"";"";"";""
"477_sub_bnvd";"mepanipyrim";"110235-47-7";"toxicité chronique chez le poisson";"CE10";"0.027";"mg/L";10;2.7;"ug/L"
"478_sub_bnvd";"mepiquat-chlorure";"24307-26-4";"toxicité aigüe chez l'invertébré aquatique";"CE50";"68.5";"mg/L";100;685.0;"ug/L"
"479_sub_bnvd";"meptyldinocap";"131-72-6";"toxicité aigüe chez l'invertébré aquatique";"HC5";"0.114";"ug/L";3;0.038;"ug/L"
"479_sub_bnvd";"meptyldinocap";"131-72-6";"toxicité chronique chez le poisson";"NOEC";"2.86";"ug/L";10;0.286;"ug/L"
"480_sub_bnvd";"mesosulfuron-methyl";"208465-21-8";"toxicité chez la plante aquatique";"NOEC";"0.388";"ug/L";3;0.129;"ug/L"
"481_sub_bnvd";"mesotrione";"104206-82-8";"toxicité chez la plante aquatique";"CE50";"0.031";"mg/L";10;3.1;"ug/L"
"481_sub_bnvd";"mesotrione";"104206-82-8";"toxicité chez la plante aquatique";"CE50";"0.0109";"mg/L";10;1.09;"ug/L"
"481_sub_bnvd";"mesotrione";"104206-82-8";"toxicité chez la plante aquatique";"CE50";"0.0531";"mg/L";10;5.31;"ug/L"
"481_sub_bnvd";"mesotrione";"104206-82-8";"toxicité chez la plante aquatique";"CE50";"0.0077";"mg/L";10;0.77;"ug/L"
"482_sub_bnvd";"metalaxyl-m";"70630-17-0";"toxicité aigüe chez l'invertébré aquatique";"CE50";"5.6";"mg/L";100;56.0;"ug/L"
"483_sub_bnvd";"metalaxyl";"57837-19-1";"";"";"";"";"";"";""
"484_sub_bnvd";"metaldehyde";"108-62-3";"toxicité aigüe chez le poisson";"CL50";"75";"mg/L";100;750.0;"ug/L"
"485_sub_bnvd";"metam-sodium";"137-42-8";"";"";"";"";"";"";""
"486_sub_bnvd";"metamitrone";"41394-05-2";"mésocosme";"NOAEC";"1.12";"mg/L";3;373.0;"ug/L"
"487_sub_bnvd";"metarhizium anisopliae";"";"";"";"";"";"";"";""
"488_sub_bnvd";"metarhizium brunneum souche ma 43";"";"";"";"";"";"";"";""
"489_sub_bnvd";"metazachlore";"67129-08-2";"mésocosme";"NOEAEC";"7.2";"ug/L";3;2.4;"ug/L"
"489_sub_bnvd";"metazachlore";"67129-08-2";"toxicité chez différents groupes d'organimes aquatiques";"CE50";"11.34";"ug/L";3;3.78;"ug/L"
"490_sub_bnvd";"metconazole";"125116-23-6";"toxicité chronique chez le poisson";"NOEC";"0.00291";"mg/L";5;0.582;"ug/L"
"490_sub_bnvd";"metconazole";"125116-23-6";"toxicité chronique chez le poisson";"NOEC";"0.00291";"mg/L";10;0.291;"ug/L"
"491_sub_bnvd";"methabenzthiazuron";"18691-97-9";"";"";"";"";"";"";""
"492_sub_bnvd";"methanol";"67-56-1";"";"";"";"";"";"";""
"493_sub_bnvd";"methiocarbe";"2032-65-7";"";"";"";"";"";"";""
"494_sub_bnvd";"methomyl";"16752-77-5";"";"";"";"";"";"";""
"495_sub_bnvd";"methoxyfenozide";"161050-58-4";"";"";"";"";"";"";""
"496_sub_bnvd";"methyl-butenol";"115-18-4";"";"";"";"";"";"";""
"497_sub_bnvd";"metirame-zinc";"9006-42-2";"toxicité aigüe chez l'invertébré aquatique";"CE50";"0.11";"mg/L";20;5.5;"ug/L"
"498_sub_bnvd";"metirame";"9006-42-2";"toxicité aigüe chez l'invertébré aquatique";"CE50";"0.11";"mg/L";20;5.5;"ug/L"
"499_sub_bnvd";"metobromuron";"3060-89-7";"toxicité chez la plante aquatique";"CE50";"0.31";"mg/L";10;31.0;"ug/L"
"500_sub_bnvd";"metosulam";"139528-85-1";"";"";"";"";"";"";""
"501_sub_bnvd";"metrafenone";"220899-03-6";"toxicité chronique chez l'invertébré aquatique";"NOEC";"0.022";"mg/L";10;2.2;"ug/L"
"502_sub_bnvd";"metribuzine";"21087-64-9";"toxicité chez la plante aquatique";"CE50";"0.0161";"mg/L";10;1.61;"ug/L"
"503_sub_bnvd";"metschnikowia fructicola souche nrrl y-27328";"";"";"";"";"";"";"";""
"504_sub_bnvd";"metsulfuron-methyl";"74223-64-6";"toxicité chez la plante aquatique";"CE50";"0.00057";"mg/L";5;0.114;"ug/L"
"504_sub_bnvd";"metsulfuron-methyl";"74223-64-6";"toxicité chez la plante aquatique";"CE50";"0.00023";"mg/L";5;0.046;"ug/L"
"504_sub_bnvd";"metsulfuron-methyl";"74223-64-6";"toxicité chez la plante aquatique";"CE50";"1.42";"ug/L";10;0.142;"ug/L"
"505_sub_bnvd";"milbemectine";"51596-10-2";"toxicité chronique chez l'invertébré aquatique";"NOEC";"0.00012";"mg/L";10;0.012;"ug/L"
"506_sub_bnvd";"molinate";"2212-67-1";"";"";"";"";"";"";""
"507_sub_bnvd";"monopotassium phosphonate";"13977-65-6";"toxicité aigüe chez le poisson";"CL50";"118";"mg/L";100;1180.0;"ug/L"
"508_sub_bnvd";"mouillant";"";"";"";"";"";"";"";""
"509_sub_bnvd";"myclobutanil";"88671-89-0";"";"";"";"";"";"";""
"510_sub_bnvd";"n-hexadecylacetate";"629-70-9";"";"";"";"";"";"";""
"511_sub_bnvd";"n-n bis (3 aminopropyl) dodecylamine";"2372-82-9";"";"";"";"";"";"";""
"512_sub_bnvd";"n-phosphonomethyl glycine";"1071-83-6";"toxicité chronique chez le poisson";"NOEC";"1000";"ug/L";10;100.0;"ug/L"
"513_sub_bnvd";"n-sodium-n-chloro-para-toluenesulfonamide";"127-65-1";"";"";"";"";"";"";""
"514_sub_bnvd";"napropamide";"15299-99-7";"toxicité chronique chez le poisson";"CL50";"6.6";"mg/L";100;66.0;"ug/L"
"514_sub_bnvd";"napropamide";"15299-99-7";"toxicité chez la plante aquatique";"CE50";"0.3556";"mg/kg sed";10;35.56;"ug/kg sed"
"515_sub_bnvd";"nicosulfuron";"111991-09-4";"toxicité chez la plante aquatique";"CE50";"0.0027";"mg/L";10;0.27;"ug/L"
"515_sub_bnvd";"nicosulfuron";"111991-09-4";"microcosme";"NOAEC";"2.01";"ug/L";3;0.67;"ug/L"
"516_sub_bnvd";"nitrate de baryum";"10022-31-8";"";"";"";"";"";"";""
"517_sub_bnvd";"nitrate de potassium";"7757-79-1";"";"";"";"";"";"";""
"518_sub_bnvd";"nitrite de sodium";"7632-00-0";"";"";"";"";"";"";""
"519_sub_bnvd";"npv ha (nucleopolyhedrovirus d'helicoverpa armigera)";"";"";"";"";"";"";"";""
"520_sub_bnvd";"nucleopolyhedrovirus de spodoptera littoralis";"";"";"";"";"";"";"";""
"521_sub_bnvd";"octylphenol octaglycol ether";"9036-19-5";"";"";"";"";"";"";""
"522_sub_bnvd";"oligomeres terpeniques";"70750-57-1";"";"";"";"";"";"";""
"523_sub_bnvd";"ortho benzyl para chlorophenate de sodium";"3184-65-4";"";"";"";"";"";"";""
"524_sub_bnvd";"orthophenylphenate de sodium";"132-27-4";"";"";"";"";"";"";""
"525_sub_bnvd";"orthophenylphenol";"90-43-7";"";"";"";"";"";"";""
"526_sub_bnvd";"oryzalin";"19044-88-3";"";"";"";"";"";"";""
"527_sub_bnvd";"oxadiargyl";"39807-15-3";"";"";"";"";"";"";""
"528_sub_bnvd";"oxadiazon";"19666-30-9";"";"";"";"";"";"";""
"529_sub_bnvd";"oxamyl";"23135-22-0";"";"";"";"";"";"";""
"530_sub_bnvd";"oxathiapiproline";"1003318-67-9";"toxicité aigüe chez l'invertébré aquatique";"CE50";"0.33";"mg/L";100;3.3;"ug/L"
"531_sub_bnvd";"oxydemeton-methyl";"301-12-2";"";"";"";"";"";"";""
"532_sub_bnvd";"oxyfluorfene";"42874-03-3";"toxicité chez la plante aquatique";"CE50";"0.00032";"mg/L";10;0.032;"ug/L"
"533_sub_bnvd";"paclobutrazol";"76738-62-0";"toxicité chez la plante aquatique";"CE50";"0.0082";"mg/L";10;0.82;"ug/L"
"534_sub_bnvd";"paecilomyces fumosoroseus apopka souche 97";"";"";"";"";"";"";"";""
"535_sub_bnvd";"paecilomyces lilacinus souche 251";"";"";"";"";"";"";"";""
"536_sub_bnvd";"para tertiaire amyl phenate de sodium";"31366-95-7";"";"";"";"";"";"";""
"537_sub_bnvd";"paraffine";"8002-74-2";"";"";"";"";"";"";""
"538_sub_bnvd";"parahydroxyphenylsalicylamide";"526-18-1";"";"";"";"";"";"";""
"539_sub_bnvd";"pediococcus pentosaceus";"";"";"";"";"";"";"";""
"540_sub_bnvd";"penconazole";"66246-88-6";"toxicité chronique chez l'invertébré aquatique";"NOEC";"0.06";"mg/L";10;6.0;"ug/L"
"541_sub_bnvd";"pencycuron";"66063-05-6";"";"";"";"";"";"";""
"542_sub_bnvd";"pendimethaline";"40487-42-1";"mésocosme";"NOEC";"0.96";"ug/L";2;0.48;"ug/L"
"543_sub_bnvd";"penoxsulame";"219714-96-2";"toxicité chez la plante aquatique";"CE50";"0.00329";"mg/L";10;0.33;"ug/L"
"544_sub_bnvd";"pentapotassium bis(peroxymonosulfate) bis(sulfate)";"70693-62-8";"";"";"";"";"";"";""
"545_sub_bnvd";"penthiopyrad";"183675-82-3";"toxicité aigüe chez le poisson";"CL50";"290";"ug/L";100;2.9;"ug/L"
"546_sub_bnvd";"permanganate de potassium";"7722-64-7";"";"";"";"";"";"";""
"547_sub_bnvd";"permethrine";"52645-53-1";"";"";"";"";"";"";""
"548_sub_bnvd";"peroxyde d'hydrogene";"7722-84-1";"";"";"";"";"";"";""
"549_sub_bnvd";"pethoxamide";"106700-29-2";"mésocosme";"NOAEC";"0.008";"mg/L";3;2.67;"ug/L"
"550_sub_bnvd";"phenmediphame";"13684-63-4";"toxicité aigüe chez l'invertébré aquatique";"CE50";"0.41";"mg/L";100;4.1;"ug/L"
"551_sub_bnvd";"phlebiopsis gigantea souche vra 1835";"";"";"";"";"";"";"";""
"552_sub_bnvd";"phosalone";"2310-17-0";"";"";"";"";"";"";""
"553_sub_bnvd";"phosmet";"732-11-6";"";"";"";"";"";"";""
"554_sub_bnvd";"phosphate ferrique dihydrate";"14567-75-0";"";"";"";"";"";"";""
"555_sub_bnvd";"phosphate ferrique";"10045-86-0";"toxicité chez différents groupes d'organismes aquatiques";"CE50";">100";"mg/L";100;1000.0;"ug/L"
"556_sub_bnvd";"phosphonate de disodium";"13708-85-5";"toxicité aigüe chez le poisson";"CL50";"61.26";"mg/L";100;612.6;"ug/L"
"557_sub_bnvd";"phosphonates de potassium";"SA40";"";"";"";"";"";"";""
"558_sub_bnvd";"phosphure d'aluminium";"20859-73-8";"toxicité aigüe chez le poisson";"CE50";"9.65";"ug/L";100;0.0965;"ug/L"
"559_sub_bnvd";"phosphure de calcium";"1305-99-3";"";"";"";"";"";"";""
"560_sub_bnvd";"phosphure de magnesium";"12057-74-8";"toxicité aigüe chez le poisson";"CL50";"9.3";"ug/L";100;0.093;"ug/L"
"561_sub_bnvd";"phosphure de zinc";"1314-84-7";"";"";"";"";"";"";""
"562_sub_bnvd";"phoxime";"14816-18-3";"";"";"";"";"";"";""
"563_sub_bnvd";"piclorame";"1918-02-1";"toxicité chronique chez le poisson";"NOEC";"0.55";"mg/L";10;55.0;"ug/L"
"564_sub_bnvd";"picolinafen";"137641-05-5";"microcosme";"NOEC";"0.000072";"mg/L";3;0.024;"ug/L"
"564_sub_bnvd";"picolinafen";"137641-05-5";"toxicité chez l'algue";"HC5";"0.162";"ug/L";3;0.054;"ug/L"
"565_sub_bnvd";"picoxystrobine";"117428-22-5";"";"";"";"";"";"";""
"566_sub_bnvd";"pinoxaden";"243973-20-8";"toxicité aigüe chez l'invertébré aquatique";"CE50";"> 0.88";"mg/L";100;8.8;"ug/L"
"567_sub_bnvd";"piperonyl";"51-03-6";"";"";"";"";"";"";""
"568_sub_bnvd";"poivre";"";"";"";"";"";"";"";""
"569_sub_bnvd";"poix";"61789-60-4";"";"";"";"";"";"";""
"570_sub_bnvd";"poly hexamethylene biguanide";"27083-27-8";"";"";"";"";"";"";""
"571_sub_bnvd";"polybutene";"9003-29-6";"";"";"";"";"";"";""
"572_sub_bnvd";"polyhexamethylene diguanide chlorhydrate";"32289-58-0";"";"";"";"";"";"";""
"573_sub_bnvd";"polyisobutene";"115-11-7";"";"";"";"";"";"";""
"574_sub_bnvd";"polymere carboxyl sulfone cationique";"8061-53-8";"";"";"";"";"";"";""
"575_sub_bnvd";"polymere complexe d'ethylene et de propylene";"";"";"";"";"";"";"";""
"576_sub_bnvd";"polymere d'amine gras";"68213-26-3";"";"";"";"";"";"";""
"577_sub_bnvd";"polyoxyethylene amine";"107-21-1";"";"";"";"";"";"";""
"578_sub_bnvd";"polysorbate 20";"9005-64-5";"";"";"";"";"";"";""
"579_sub_bnvd";"polysulfure de calcium";"1344-81-6";"";"";"";"";"";"";""
"580_sub_bnvd";"poudre de corne";"";"";"";"";"";"";"";""
"581_sub_bnvd";"prochloraze-manganese";"75747-77-2";"";"";"";"";"";"";""
"582_sub_bnvd";"prochloraze";"67747-09-5";"";"";"";"";"";"";""
"583_sub_bnvd";"procymidone";"32809-16-8";"";"";"";"";"";"";""
"584_sub_bnvd";"profoxydim";"139001-49-3";"";"";"";"";"";"";""
"585_sub_bnvd";"prohexadione-calcium";"127277-53-6";"toxicité chez l'algue";"CE50";">1.2";"mg/L";10;120.0;"ug/L"
"586_sub_bnvd";"propachlore";"1918-16-7";"";"";"";"";"";"";""
"587_sub_bnvd";"propamocarbe hcl";"25606-41-1";"";"";"";"";"";"";""
"588_sub_bnvd";"propamocarbe";"24579-73-5";"toxicité chronique chez l'invertébré aquatique";"NOEC";"12.3";"mg/L";10;1230.0;"ug/L"
"589_sub_bnvd";"propanil";"709-98-8";"";"";"";"";"";"";""
"590_sub_bnvd";"propaquizafop";"111479-05-1";"toxicité chez le poisson";"NOEC";"0.019";"mg/L";10;1.9;"ug/L"
"591_sub_bnvd";"propargite";"2312-35-8";"";"";"";"";"";"";""
"592_sub_bnvd";"propiconazole";"60207-90-1";"";"";"";"";"";"";""
"593_sub_bnvd";"propinebe";"9016-72-2";"";"";"";"";"";"";""
"594_sub_bnvd";"propionate d'ammonium (sel acide)";"17496-08-1";"";"";"";"";"";"";""
"595_sub_bnvd";"propoxycarbazone sodium";"181274-15-7";"toxicité chez la plante aquatique";"CE50";"0.00453";"mg/L";10;0.453;"ug/L"
"596_sub_bnvd";"propyzamide";"23950-58-5";"toxicité chez la plante aquatique";"CE50";"0.021";"mg/L";10;2.1;"ug/L"
"597_sub_bnvd";"proquinazid";"189278-12-4";"toxicité chronique chez l'invertébré aquatique";"NOEC";"0.0018";"mg/L";10;0.18;"ug/L"
"598_sub_bnvd";"prosulfocarbe";"52888-80-9";"toxicité aigüe chez le poisson";"CL50";"1.42";"mg/L";100;14.2;"ug/L"
"598_sub_bnvd";"prosulfocarbe";"52888-80-9";"microcosme";"NOEC";"15";"ug/L";2;7.5;"ug/L"
"599_sub_bnvd";"prosulfuron";"94125-34-5";"toxicité chez la plante aquatique";"CE50";"0.00212";"mg/L";10;0.212;"ug/L"
"600_sub_bnvd";"prothioconazole";"178928-70-6";"toxicité aigüe chez l'invertébré aquatique";"CE50";"1.3";"mg/L";100;13.0;"ug/L"
"600_sub_bnvd";"prothioconazole";"178928-70-6";"toxicité chez l'algue";"CE50";"0.0456";"mg/L";10;4.56;"ug/L"
"601_sub_bnvd";"pseudomonas chlororaphis souche ma 342";"";"";"";"";"";"";"";""
"602_sub_bnvd";"pymetrozine";"123312-89-0";"";"";"";"";"";"";""
"603_sub_bnvd";"pyraclostrobine";"175013-18-0";"toxicité chronique chez le poisson";"NOEC";"4.72";"ug/L";5;0.94;"ug/L"
"604_sub_bnvd";"pyraflufen-ethyl";"129630-19-9";"toxicité chez la plante aquatique";"CE50";"0.172";"ug/L";10;0.0172;"ug/L"
"604_sub_bnvd";"pyraflufen-ethyl";"129630-19-9";"toxicité chez l'algue";"CE50";"0.26";"ug/L";10;0.026;"ug/L"
"605_sub_bnvd";"pyrethres naturels";"8003-34-7";"toxicité aigüe chez l'invertébré aquatique";"CE50";"4.1";"ug/L";100;0.041;"ug/L"
"606_sub_bnvd";"pyrethrines";"8003-34-7";"toxicité aigüe chez l'invertébré aquatique";"CE50";"4.1";"ug/L";100;0.041;"ug/L"
"607_sub_bnvd";"pyridabene";"96489-71-3";"microcosme";"NOEC";"3.4";"ug/L";30;0.11;"ug/L"
"608_sub_bnvd";"pyridalyl";"179101-81-6";"";"";"";"";"";"";""
"609_sub_bnvd";"pyridate";"55512-33-9";"toxicité aigüe chez l'invertébré aquatique";"CE50";"0.49";"mg/L";100;4.9;"ug/L"
"610_sub_bnvd";"pyrimethanil";"53112-28-0";"toxicité chronique chez le poisson";"NOEC";"0.077";"mg/L";10;7.7;"ug/L"
"611_sub_bnvd";"pyrimicarbe";"23103-98-2";"toxicité chronique chez l'invertébré aquatique";"NOEC";"0.006";"mg/L";3;2.0;"ug/L"
"612_sub_bnvd";"pyrimiphos-methyl";"29232-93-7";"";"";"";"";"";"";""
"613_sub_bnvd";"pyriofenone";"688046-61-9";"toxicité chronique chez l'invertébré aquatique";"NOEC";"0.0899";"mg/L";10;8.99;"ug/L"
"614_sub_bnvd";"pyriproxyfene";"95737-68-1";"mésocosme";"NOEC";"1.2";"ug/L";2;0.6;"ug/L"
"614_sub_bnvd";"pyriproxyfene";"95737-68-1";"toxicité chronique chez l'invertébré aquatique";"NOEC";"0.015";"ug/L";10;0.0015;"ug/L"
"615_sub_bnvd";"pyroxsulame";"422556-08-9";"toxicité chez la plante aquatique";"CE50";"0.00388";"mg/L";10;0.388;"ug/L"
"616_sub_bnvd";"pythium oligandrum souche m1";"";"";"";"";"";"";"";""
"617_sub_bnvd";"quinmerac";"90717-03-6";"toxicité chez la plante aquatique";"CE50";"0.79";"mg/L";10;79.0;"ug/L"
"617_sub_bnvd";"quinmerac";"90717-03-6";"toxicité chronique chez le poisson";"NOEC";"3.16";"mg/L";10;316.0;"ug/L"
"618_sub_bnvd";"quinoclamine";"2797-51-5";"";"";"";"";"";"";""
"619_sub_bnvd";"quinoxyfene";"124495-18-7";"";"";"";"";"";"";""
"620_sub_bnvd";"quizalofop-p-ethyl";"100646-51-3";"toxicité aigüe chez le poisson";"CL50";"0.21";"mg/L";100;2.1;"ug/L"
"621_sub_bnvd";"resines (colophane)";"8050-09-7";"";"";"";"";"";"";""
"622_sub_bnvd";"rhizobium japonicum";"";"";"";"";"";"";"";""
"623_sub_bnvd";"rhizobium melilotti";"";"";"";"";"";"";"";""
"624_sub_bnvd";"rimsulfuron";"122931-48-0";"toxicité chez la plante aquatique";"CE50";"0.0046";"mg/L";10;0.46;"ug/L"
"625_sub_bnvd";"rotenone";"83-79-4";"";"";"";"";"";"";""
"626_sub_bnvd";"s-6-verbenol";"18881-04-4";"";"";"";"";"";"";""
"627_sub_bnvd";"s-metolachlore";"87392-12-9";"mésocosme";"NOEC";"0.02";"mg/L";3;6.7;"ug/L"
"628_sub_bnvd";"sable quartzeux";"";"";"";"";"";"";"";""
"629_sub_bnvd";"saccharomyces cerevisiae souche las02";"";"";"";"";"";"";"";""
"630_sub_bnvd";"sedaxane";"874967-67-6";"toxicité aigüe chez le poisson";"CL50";"620";"ug/L";100;6.2;"ug/L"
"631_sub_bnvd";"sel de potassium de l'hydrazide maleique";"51542-52-0";"";"";"";"";"";"";""
"632_sub_bnvd";"sels de potassium d'acides gras (c8-c18)";"67701-09-1";"toxicité chronique chez l'invertébré aquatique";"NOEC";"0.5";"mg/L";10;50.0;"ug/L"
"633_sub_bnvd";"sels de potassium d'acides gras";"10124-65-9";"";"";"";"";"";"";""
"634_sub_bnvd";"silthiofam";"175217-20-6";"toxicité chronique chez l'invertébré aquatique";"NOEC";"0.47";"mg/L";10;47.0;"ug/L"
"635_sub_bnvd";"sorbate de potassium";"24634-61-5";"";"";"";"";"";"";""
"636_sub_bnvd";"soufre pour pulverisation (micronise)";"7704-34-9";"";"";"";"";"";"";""
"637_sub_bnvd";"soufre sublime";"7704-34-9";"";"";"";"";"";"";""
"638_sub_bnvd";"soufre triture ventile";"7704-34-9";"";"";"";"";"";"";""
"639_sub_bnvd";"soufre triture";"7704-34-9";"";"";"";"";"";"";""
"640_sub_bnvd";"soufre";"7704-34-9";"";"";"";"";"";"";""
"641_sub_bnvd";"spinetoram";"935545-74-7";"";"";"";"";"";"";""
"642_sub_bnvd";"spinosad";"168316-95-8";"toxicité chronique chez l'invertébré aquatique";"NOEC";"0.0012";"mg/L";10;0.12;"ug/L"
"643_sub_bnvd";"spirodiclofen";"148477-71-8";"";"";"";"";"";"";""
"644_sub_bnvd";"spiromesifen";"283594-90-1";"";"";"";"";"";"";""
"645_sub_bnvd";"spirotetramat";"203313-25-1";"toxicité aigüe chez l'invertébré aquatique";"CE50";"0.85";"mg/L";100;8.5;"ug/L"
"646_sub_bnvd";"spiroxamine";"118134-30-8";"toxicité chronique chez le poisson";"CE10";"0.002";"mg/L";10;0.2;"ug/L"
"647_sub_bnvd";"spores de beauveria bassiana 147";"";"";"";"";"";"";"";""
"648_sub_bnvd";"spores de beauveria tenella 96";"";"";"";"";"";"";"";""
"649_sub_bnvd";"streptococcus faecium";"";"";"";"";"";"";"";""
"650_sub_bnvd";"streptomyces k61 (anciennement streptomyces griseoviridis)";"";"";"";"";"";"";"";""
"651_sub_bnvd";"suif";"61789-97-7";"";"";"";"";"";"";""
"652_sub_bnvd";"sulcotrione";"99105-77-8";"toxicité chez la plante aquatique";"CE50";"0.0235";"mg/L";10;2.35;"ug/L"
"653_sub_bnvd";"sulfate d'ammonium";"7783-20-2";"";"";"";"";"";"";""
"654_sub_bnvd";"sulfate de fer (sulfate ferreux heptahydrate)";"7782-63-0";"";"";"";"";"";"";""
"655_sub_bnvd";"sulfate de fer monohydrate";"17375-41-6";"";"";"";"";"";"";""
"656_sub_bnvd";"sulfate double d'oxyquinoleine et de potassium";"15077-57-3";"";"";"";"";"";"";""
"657_sub_bnvd";"sulfosate";"81591-81-3";"";"";"";"";"";"";""
"658_sub_bnvd";"sulfosulfuron";"141776-32-1";"";"";"";"";"";"";""
"659_sub_bnvd";"tau-fluvalinate";"102851-06-9";"toxicité chronique chez le poisson";"NOEC";"0.064";"ug/L";10;0.0064;"ug/L"
"659_sub_bnvd";"tau-fluvalinate";"102851-06-9";"toxicité chronique chez l'invertébré aquatique";"NOEAEC";"0.1";"ug/L";3;0.033;"ug/L"
"660_sub_bnvd";"tebuconazole";"107534-96-3";"toxicité chronique chez le poisson";"NOEC";"12";"ug/L";10;1.2;"ug/L"
"660_sub_bnvd";"tebuconazole";"107534-96-3";"toxicité chronique chez l'invertébré aquatique";"NOEC";"0.01";"mg/L";10;1.0;"ug/L"
"661_sub_bnvd";"tebufenozide";"112410-23-8";"mésocosme";"NOEC";"6.7";"ug/L";2;3.35;"ug/L"
"661_sub_bnvd";"tebufenozide";"112410-23-8";"toxicité chronique chez l'invertébré aquatique";"NOEC";"0.0057";"mg/L";10;0.57;"ug/L"
"662_sub_bnvd";"tebufenpyrad";"119168-77-3";"";"";"";"";"";"";""
"663_sub_bnvd";"teflubenzuron";"83121-18-0";"";"";"";"";"";"";""
"664_sub_bnvd";"tefluthrine";"79538-32-2";"toxicité chronique chez le poisson";"NOEC";"3.97e-006";"mg/L";10;0.0004;"ug/L"
"664_sub_bnvd";"tefluthrine";"79538-32-2";"toxicité chronique chez l'invertébré aquatique";"NOEC";"0.0023";"ug/L";10;0.00023;"ug/L"
"665_sub_bnvd";"tembotrione";"335104-84-2";"toxicité chronique chez l'invertébré aquatique";"NOEC";"0.006";"mg/L";10;0.6;"ug/L"
"666_sub_bnvd";"temephos";"3383-96-8";"";"";"";"";"";"";""
"667_sub_bnvd";"terbuthylazine";"5915-41-3";"toxicité chronique chez l'invertébré aquatique";"NOEC";"0.019";"mg/L";10;1.9;"ug/L"
"668_sub_bnvd";"terebenthine";"8006-64-2";"";"";"";"";"";"";""
"669_sub_bnvd";"terpenes d'huile essentielle d'orange";"";"";"";"";"";"";"";""
"670_sub_bnvd";"tetraconazole";"112281-77-3";"toxicité aigüe chez l'invertébré aquatique";"CL50";"0.42";"mg/L";100;4.2;"ug/L"
"671_sub_bnvd";"thiabendazole";"148-79-8";"toxicité chronique chez le poisson";"NOEC";"0.012";"mg/L";10;1.2;"ug/L"
"672_sub_bnvd";"thiaclopride";"111988-49-9";"";"";"";"";"";"";""
"673_sub_bnvd";"thiamethoxam";"153719-23-4";"";"";"";"";"";"";""
"674_sub_bnvd";"thiencarbazone-methyl";"317815-83-1";"toxicité chez la plante aquatique";"CE50";"1.87";"ug/L";10;0.187;"ug/L"
"675_sub_bnvd";"thifensulfuron-methyle";"79277-27-3";"toxicité chez la plante aquatique";"CE50";"0.00023";"mg/L";10;0.023;"ug/L"
"676_sub_bnvd";"thiocyanate d'ammonium";"1761-95-4";"";"";"";"";"";"";""
"677_sub_bnvd";"thiocyanate d'ammonium";"1762-95-4";"";"";"";"";"";"";""
"678_sub_bnvd";"thiodicarbe";"59669-26-0";"";"";"";"";"";"";""
"679_sub_bnvd";"thiophanate-methyl";"23564-05-8";"";"";"";"";"";"";""
"680_sub_bnvd";"thirame";"137-26-8";"";"";"";"";"";"";""
"681_sub_bnvd";"thymol";"89-83-8";"toxicité aigüe chez le poisson";"CL50";"3";"mg/L";100;30.0;"ug/L"
"682_sub_bnvd";"tolclofos-methyl";"57018-04-9";"toxicité chronique chez le poisson";"NOEC";"0.012";"mg/L";10;1.2;"ug/L"
"683_sub_bnvd";"triacetate de guazatine";"115044-19-4";"";"";"";"";"";"";""
"684_sub_bnvd";"triadimenol";"55219-65-3";"";"";"";"";"";"";""
"685_sub_bnvd";"triallate";"2303-17-5";"toxicité aigüe chez l'invertébré aquatique";"CE50";"0.091";"mg/L";100;0.91;"ug/L"
"685_sub_bnvd";"triallate";"2303-17-5";"toxicité chronique chez linvertébré aquatique";"NOEC";"0.013";"mg/L";10;1.3;"ug/L"
"686_sub_bnvd";"triazoxide";"72459-58-6";"";"";"";"";"";"";""
"687_sub_bnvd";"tribenuron-methyle";"101200-48-0";"toxicité chez la plante aquatique";"CE50";"0.0047";"mg/L";10;0.47;"ug/L"
"688_sub_bnvd";"trichoderma asperellum icc012";"";"";"";"";"";"";"";""
"689_sub_bnvd";"trichoderma asperellum t25";"";"";"";"";"";"";"";""
"690_sub_bnvd";"trichoderma asperellum t34";"";"";"";"";"";"";"";""
"691_sub_bnvd";"trichoderma asperellum tv1";"";"";"";"";"";"";"";""
"692_sub_bnvd";"trichoderma atroviride souche l-1237";"";"";"";"";"";"";"";""
"693_sub_bnvd";"trichoderma atroviride souche sc1";"";"";"";"";"";"";"";""
"694_sub_bnvd";"trichoderma atroviride t11";"";"";"";"";"";"";"";""
"695_sub_bnvd";"trichoderma atroviride";"";"";"";"";"";"";"";""
"696_sub_bnvd";"trichoderma gamsii icc080";"";"";"";"";"";"";"";""
"697_sub_bnvd";"trichoderma harzianum souche t22";"";"";"";"";"";"";"";""
"698_sub_bnvd";"trichogramma brassicae";"";"";"";"";"";"";"";""
"699_sub_bnvd";"triclopyr";"55335-06-3";"toxicité aigüe chez le poisson";"CL50";"117";"mg/L";100;1170.0;"ug/L"
"700_sub_bnvd";"triethanolamine";"102-71-6";"";"";"";"";"";"";""
"701_sub_bnvd";"trifloxystrobine";"141517-21-7";"toxicité aigüe chez l'invertébré aquatique";"CE50";"0.020";"mg/L";100;0.2;"ug/L"
"701_sub_bnvd";"trifloxystrobine";"141517-21-7";"toxicité chronique chez l'invertébré aquatique";"NOEC";"0.00276";"mg/L";10;0.276;"ug/L"
"702_sub_bnvd";"trifluraline";"1582-09-8";"";"";"";"";"";"";""
"703_sub_bnvd";"triflusulfuron-methyl";"126535-15-7";"";"";"";"";"";"";""
"704_sub_bnvd";"triglyceride ethoxyle";"";"";"";"";"";"";"";""
"705_sub_bnvd";"trimethylamine hydrochloride";"593-81-7";"";"";"";"";"";"";""
"706_sub_bnvd";"trinexapac-ethyl";"95266-40-3";"toxicité chronique chez le poisson";"NOEC";"0.41";"mg/L";10;41.0;"ug/L"
"707_sub_bnvd";"triticonazole";"131983-72-7";"toxicité chronique chez le poisson";"NOEC";"0.01";"mg/L";10;1.0;"ug/L"
"708_sub_bnvd";"tritosulfuron";"142469-14-5";"toxicité chez la plante aquatique";"CE50";"0.0255";"mg/L";10;2.55;"ug/L"
"708_sub_bnvd";"tritosulfuron";"142469-14-5";"toxicité chez la plante aquatique";"HC5";"46.5";"ug/L";3;15.5;"ug/L"
"709_sub_bnvd";"valifenalate";"283159-90-0";"toxicité aigüe chez l'invertébré aquatique";"CE50";"2.8";"mg/L";100;28.0;"ug/L"
"710_sub_bnvd";"virus de la granulose";"";"";"";"";"";"";"";""
"711_sub_bnvd";"virus de la mosaique du pepino isolat vc1";"";"";"";"";"";"";"";""
"712_sub_bnvd";"virus de la mosaique du pepino isolat vx1";"";"";"";"";"";"";"";""
"713_sub_bnvd";"virus de la mosaique du pepino souche ch2 isolat 1906";"";"";"";"";"";"";"";""
"714_sub_bnvd";"virus zymv-wk";"";"";"";"";"";"";"";""
"715_sub_bnvd";"z-11-tetradecenyl acetate";"20711-10-8";"";"";"";"";"";"";""
"716_sub_bnvd";"z-9-tetradecenyl acetate";"16725-53-4";"";"";"";"";"";"";""
"717_sub_bnvd";"z/e-11 hexadecenal";"53939-28-9";"";"";"";"";"";"";""
"718_sub_bnvd";"zetacypermethrine";"52315-07-8";"mésocosme";"NOEC";"0.005";"ug/L";3;0.0017;"ug/L"
"718_sub_bnvd";"zetacypermethrine";"52315-07-8";"mésocosme";"NOAEC";"0.015";"ug/L";4;0.0038;"ug/L"
"719_sub_bnvd";"zinc (sulfate de zinc)";"7446-19-7";"";"";"";"";"";"";""
"720_sub_bnvd";"zirame";"137-30-4";"toxicité chronique chez l'invertébré aquatique";"NOEC";"0.01";"mg/L";10;1.0;"ug/L"
"721_sub_bnvd";"zoxamide";"156052-68-5";"toxicité chronique chez le poisson";"NOEC";"0.00348";"mg/L";10;0.348;"ug/L"
